2025/05/05 17:54:41 [notice] 1#1: using the "epoll" event method
2025/05/05 17:54:41 [notice] 1#1: nginx/1.27.5
2025/05/05 17:54:41 [notice] 1#1: built by gcc 14.2.0 (Alpine 14.2.0) 
2025/05/05 17:54:41 [notice] 1#1: OS: Linux 5.15.167.4-microsoft-standard-WSL2
2025/05/05 17:54:41 [notice] 1#1: getrlimit(RLIMIT_NOFILE): 1048576:1048576
2025/05/05 17:54:41 [notice] 1#1: start worker processes
2025/05/05 17:54:41 [notice] 1#1: start worker process 20
2025/05/05 17:54:41 [notice] 1#1: start worker process 21
2025/05/05 17:54:41 [notice] 1#1: start worker process 22
2025/05/05 17:54:41 [notice] 1#1: start worker process 23
2025/05/05 17:54:41 [notice] 1#1: start worker process 24
2025/05/05 17:54:41 [notice] 1#1: start worker process 25
2025/05/05 17:54:41 [notice] 1#1: start worker process 26
2025/05/05 17:54:41 [notice] 1#1: start worker process 27
2025/05/05 17:59:44 [notice] 1#1: signal 3 (SIGQUIT) received, shutting down
2025/05/05 17:59:44 [notice] 21#21: gracefully shutting down
2025/05/05 17:59:44 [notice] 20#20: gracefully shutting down
2025/05/05 17:59:44 [notice] 25#25: gracefully shutting down
2025/05/05 17:59:44 [notice] 27#27: gracefully shutting down
2025/05/05 17:59:44 [notice] 24#24: gracefully shutting down
2025/05/05 17:59:44 [notice] 21#21: exiting
2025/05/05 17:59:44 [notice] 25#25: exiting
2025/05/05 17:59:44 [notice] 27#27: exiting
2025/05/05 17:59:44 [notice] 24#24: exiting
2025/05/05 17:59:44 [notice] 20#20: exiting
2025/05/05 17:59:44 [notice] 24#24: exit
2025/05/05 17:59:44 [notice] 21#21: exit
2025/05/05 17:59:44 [notice] 25#25: exit
2025/05/05 17:59:44 [notice] 27#27: exit
2025/05/05 17:59:44 [notice] 20#20: exit
2025/05/05 17:59:44 [notice] 26#26: gracefully shutting down
2025/05/05 17:59:44 [notice] 26#26: exiting
2025/05/05 17:59:44 [notice] 26#26: exit
2025/05/05 17:59:44 [notice] 22#22: gracefully shutting down
2025/05/05 17:59:44 [notice] 22#22: exiting
2025/05/05 17:59:44 [notice] 22#22: exit
2025/05/05 17:59:44 [notice] 23#23: gracefully shutting down
2025/05/05 17:59:44 [notice] 23#23: exiting
2025/05/05 17:59:44 [notice] 23#23: exit
2025/05/05 17:59:44 [notice] 1#1: signal 17 (SIGCHLD) received from 22
2025/05/05 17:59:44 [notice] 1#1: worker process 22 exited with code 0
2025/05/05 17:59:44 [notice] 1#1: worker process 23 exited with code 0
2025/05/05 17:59:44 [notice] 1#1: signal 29 (SIGIO) received
2025/05/05 17:59:44 [notice] 1#1: signal 17 (SIGCHLD) received from 23
2025/05/05 17:59:44 [notice] 1#1: signal 17 (SIGCHLD) received from 26
2025/05/05 17:59:44 [notice] 1#1: worker process 26 exited with code 0
2025/05/05 17:59:44 [notice] 1#1: worker process 21 exited with code 0
2025/05/05 17:59:44 [notice] 1#1: worker process 27 exited with code 0
2025/05/05 17:59:44 [notice] 1#1: signal 29 (SIGIO) received
2025/05/05 17:59:44 [notice] 1#1: signal 17 (SIGCHLD) received from 21
2025/05/05 17:59:44 [notice] 1#1: signal 17 (SIGCHLD) received from 25
2025/05/05 17:59:44 [notice] 1#1: worker process 20 exited with code 0
2025/05/05 17:59:44 [notice] 1#1: worker process 24 exited with code 0
2025/05/05 17:59:44 [notice] 1#1: worker process 25 exited with code 0
2025/05/05 17:59:44 [notice] 1#1: exit
2025/05/05 17:59:49 [notice] 1#1: using the "epoll" event method
2025/05/05 17:59:49 [notice] 1#1: nginx/1.27.5
2025/05/05 17:59:49 [notice] 1#1: built by gcc 14.2.0 (Alpine 14.2.0) 
2025/05/05 17:59:49 [notice] 1#1: OS: Linux 5.15.167.4-microsoft-standard-WSL2
2025/05/05 17:59:49 [notice] 1#1: getrlimit(RLIMIT_NOFILE): 1048576:1048576
2025/05/05 17:59:49 [notice] 1#1: start worker processes
2025/05/05 17:59:49 [notice] 1#1: start worker process 20
2025/05/05 17:59:49 [notice] 1#1: start worker process 21
2025/05/05 17:59:49 [notice] 1#1: start worker process 22
2025/05/05 17:59:49 [notice] 1#1: start worker process 23
2025/05/05 17:59:49 [notice] 1#1: start worker process 24
2025/05/05 17:59:49 [notice] 1#1: start worker process 25
2025/05/05 17:59:49 [notice] 1#1: start worker process 26
2025/05/05 17:59:49 [notice] 1#1: start worker process 27
2025/05/05 18:02:41 [notice] 1#1: signal 3 (SIGQUIT) received, shutting down
2025/05/05 18:02:41 [notice] 26#26: gracefully shutting down
2025/05/05 18:02:41 [notice] 20#20: gracefully shutting down
2025/05/05 18:02:41 [notice] 24#24: gracefully shutting down
2025/05/05 18:02:41 [notice] 22#22: gracefully shutting down
2025/05/05 18:02:41 [notice] 23#23: gracefully shutting down
2025/05/05 18:02:41 [notice] 20#20: exiting
2025/05/05 18:02:41 [notice] 23#23: exiting
2025/05/05 18:02:41 [notice] 26#26: exiting
2025/05/05 18:02:41 [notice] 22#22: exiting
2025/05/05 18:02:41 [notice] 24#24: exiting
2025/05/05 18:02:41 [notice] 22#22: exit
2025/05/05 18:02:41 [notice] 26#26: exit
2025/05/05 18:02:41 [notice] 20#20: exit
2025/05/05 18:02:41 [notice] 23#23: exit
2025/05/05 18:02:41 [notice] 24#24: exit
2025/05/05 18:02:41 [notice] 25#25: gracefully shutting down
2025/05/05 18:02:41 [notice] 21#21: gracefully shutting down
2025/05/05 18:02:41 [notice] 21#21: exiting
2025/05/05 18:02:41 [notice] 21#21: exit
2025/05/05 18:02:41 [notice] 25#25: exiting
2025/05/05 18:02:41 [notice] 25#25: exit
2025/05/05 18:02:41 [notice] 27#27: gracefully shutting down
2025/05/05 18:02:41 [notice] 27#27: exiting
2025/05/05 18:02:41 [notice] 27#27: exit
2025/05/05 18:02:41 [notice] 1#1: signal 17 (SIGCHLD) received from 22
2025/05/05 18:02:41 [notice] 1#1: worker process 20 exited with code 0
2025/05/05 18:02:41 [notice] 1#1: worker process 22 exited with code 0
2025/05/05 18:02:41 [notice] 1#1: signal 29 (SIGIO) received
2025/05/05 18:02:41 [notice] 1#1: signal 17 (SIGCHLD) received from 21
2025/05/05 18:02:41 [notice] 1#1: worker process 21 exited with code 0
2025/05/05 18:02:41 [notice] 1#1: signal 29 (SIGIO) received
2025/05/05 18:02:41 [notice] 1#1: signal 17 (SIGCHLD) received from 24
2025/05/05 18:02:41 [notice] 1#1: worker process 24 exited with code 0
2025/05/05 18:02:41 [notice] 1#1: signal 29 (SIGIO) received
2025/05/05 18:02:41 [notice] 1#1: signal 17 (SIGCHLD) received from 27
2025/05/05 18:02:41 [notice] 1#1: worker process 27 exited with code 0
2025/05/05 18:02:41 [notice] 1#1: signal 29 (SIGIO) received
2025/05/05 18:02:41 [notice] 1#1: signal 17 (SIGCHLD) received from 23
2025/05/05 18:02:41 [notice] 1#1: worker process 23 exited with code 0
2025/05/05 18:02:41 [notice] 1#1: worker process 25 exited with code 0
2025/05/05 18:02:41 [notice] 1#1: signal 29 (SIGIO) received
2025/05/05 18:02:41 [notice] 1#1: signal 17 (SIGCHLD) received from 25
2025/05/05 18:02:41 [notice] 1#1: signal 17 (SIGCHLD) received from 26
2025/05/05 18:02:41 [notice] 1#1: worker process 26 exited with code 0
2025/05/05 18:02:41 [notice] 1#1: exit
2025/05/05 18:02:47 [notice] 1#1: using the "epoll" event method
2025/05/05 18:02:47 [notice] 1#1: nginx/1.27.5
2025/05/05 18:02:47 [notice] 1#1: built by gcc 14.2.0 (Alpine 14.2.0) 
2025/05/05 18:02:47 [notice] 1#1: OS: Linux 5.15.167.4-microsoft-standard-WSL2
2025/05/05 18:02:47 [notice] 1#1: getrlimit(RLIMIT_NOFILE): 1048576:1048576
2025/05/05 18:02:47 [notice] 1#1: start worker processes
2025/05/05 18:02:47 [notice] 1#1: start worker process 20
2025/05/05 18:02:47 [notice] 1#1: start worker process 21
2025/05/05 18:02:47 [notice] 1#1: start worker process 22
2025/05/05 18:02:47 [notice] 1#1: start worker process 23
2025/05/05 18:02:47 [notice] 1#1: start worker process 24
2025/05/05 18:02:47 [notice] 1#1: start worker process 25
2025/05/05 18:02:47 [notice] 1#1: start worker process 26
2025/05/05 18:02:47 [notice] 1#1: start worker process 27
2025/05/05 18:07:42 [notice] 1#1: signal 3 (SIGQUIT) received, shutting down
2025/05/05 18:07:42 [notice] 20#20: gracefully shutting down
2025/05/05 18:07:42 [notice] 21#21: gracefully shutting down
2025/05/05 18:07:42 [notice] 22#22: gracefully shutting down
2025/05/05 18:07:42 [notice] 23#23: gracefully shutting down
2025/05/05 18:07:42 [notice] 20#20: exiting
2025/05/05 18:07:42 [notice] 21#21: exiting
2025/05/05 18:07:42 [notice] 22#22: exiting
2025/05/05 18:07:42 [notice] 26#26: gracefully shutting down
2025/05/05 18:07:42 [notice] 24#24: gracefully shutting down
2025/05/05 18:07:42 [notice] 23#23: exiting
2025/05/05 18:07:42 [notice] 24#24: exiting
2025/05/05 18:07:42 [notice] 26#26: exiting
2025/05/05 18:07:42 [notice] 20#20: exit
2025/05/05 18:07:42 [notice] 21#21: exit
2025/05/05 18:07:42 [notice] 22#22: exit
2025/05/05 18:07:42 [notice] 23#23: exit
2025/05/05 18:07:42 [notice] 26#26: exit
2025/05/05 18:07:42 [notice] 24#24: exit
2025/05/05 18:07:42 [notice] 25#25: gracefully shutting down
2025/05/05 18:07:42 [notice] 25#25: exiting
2025/05/05 18:07:42 [notice] 25#25: exit
2025/05/05 18:07:42 [notice] 27#27: gracefully shutting down
2025/05/05 18:07:42 [notice] 27#27: exiting
2025/05/05 18:07:42 [notice] 27#27: exit
2025/05/05 18:07:42 [notice] 1#1: signal 17 (SIGCHLD) received from 20
2025/05/05 18:07:42 [notice] 1#1: worker process 20 exited with code 0
2025/05/05 18:07:42 [notice] 1#1: worker process 22 exited with code 0
2025/05/05 18:07:42 [notice] 1#1: worker process 23 exited with code 0
2025/05/05 18:07:42 [notice] 1#1: worker process 24 exited with code 0
2025/05/05 18:07:42 [notice] 1#1: worker process 26 exited with code 0
2025/05/05 18:07:42 [notice] 1#1: signal 29 (SIGIO) received
2025/05/05 18:07:42 [notice] 1#1: signal 17 (SIGCHLD) received from 24
2025/05/05 18:07:42 [notice] 1#1: signal 17 (SIGCHLD) received from 25
2025/05/05 18:07:42 [notice] 1#1: worker process 21 exited with code 0
2025/05/05 18:07:42 [notice] 1#1: worker process 25 exited with code 0
2025/05/05 18:07:42 [notice] 1#1: signal 29 (SIGIO) received
2025/05/05 18:07:42 [notice] 1#1: signal 17 (SIGCHLD) received from 27
2025/05/05 18:07:42 [notice] 1#1: worker process 27 exited with code 0
2025/05/05 18:07:42 [notice] 1#1: exit
2025/05/05 18:08:20 [notice] 1#1: using the "epoll" event method
2025/05/05 18:08:20 [notice] 1#1: nginx/1.27.5
2025/05/05 18:08:20 [notice] 1#1: built by gcc 14.2.0 (Alpine 14.2.0) 
2025/05/05 18:08:20 [notice] 1#1: OS: Linux 5.15.167.4-microsoft-standard-WSL2
2025/05/05 18:08:20 [notice] 1#1: getrlimit(RLIMIT_NOFILE): 1048576:1048576
2025/05/05 18:08:20 [notice] 1#1: start worker processes
2025/05/05 18:08:20 [notice] 1#1: start worker process 20
2025/05/05 18:08:20 [notice] 1#1: start worker process 21
2025/05/05 18:08:20 [notice] 1#1: start worker process 22
2025/05/05 18:08:20 [notice] 1#1: start worker process 23
2025/05/05 18:08:20 [notice] 1#1: start worker process 24
2025/05/05 18:08:20 [notice] 1#1: start worker process 25
2025/05/05 18:08:20 [notice] 1#1: start worker process 26
2025/05/05 18:08:20 [notice] 1#1: start worker process 27
2025/05/05 18:13:31 [notice] 1#1: signal 3 (SIGQUIT) received, shutting down
2025/05/05 18:13:31 [notice] 21#21: gracefully shutting down
2025/05/05 18:13:31 [notice] 22#22: gracefully shutting down
2025/05/05 18:13:31 [notice] 20#20: gracefully shutting down
2025/05/05 18:13:31 [notice] 21#21: exiting
2025/05/05 18:13:31 [notice] 20#20: exiting
2025/05/05 18:13:31 [notice] 22#22: exiting
2025/05/05 18:13:31 [notice] 20#20: exit
2025/05/05 18:13:31 [notice] 22#22: exit
2025/05/05 18:13:31 [notice] 21#21: exit
2025/05/05 18:13:31 [notice] 23#23: gracefully shutting down
2025/05/05 18:13:31 [notice] 23#23: exiting
2025/05/05 18:13:31 [notice] 23#23: exit
2025/05/05 18:13:31 [notice] 24#24: gracefully shutting down
2025/05/05 18:13:31 [notice] 24#24: exiting
2025/05/05 18:13:31 [notice] 24#24: exit
2025/05/05 18:13:31 [notice] 25#25: gracefully shutting down
2025/05/05 18:13:31 [notice] 25#25: exiting
2025/05/05 18:13:31 [notice] 25#25: exit
2025/05/05 18:13:31 [notice] 26#26: gracefully shutting down
2025/05/05 18:13:31 [notice] 26#26: exiting
2025/05/05 18:13:31 [notice] 26#26: exit
2025/05/05 18:13:31 [notice] 27#27: gracefully shutting down
2025/05/05 18:13:31 [notice] 27#27: exiting
2025/05/05 18:13:31 [notice] 27#27: exit
2025/05/05 18:13:31 [notice] 1#1: signal 17 (SIGCHLD) received from 21
2025/05/05 18:13:31 [notice] 1#1: worker process 21 exited with code 0
2025/05/05 18:13:31 [notice] 1#1: worker process 22 exited with code 0
2025/05/05 18:13:31 [notice] 1#1: signal 29 (SIGIO) received
2025/05/05 18:13:31 [notice] 1#1: signal 17 (SIGCHLD) received from 20
2025/05/05 18:13:31 [notice] 1#1: worker process 20 exited with code 0
2025/05/05 18:13:31 [notice] 1#1: worker process 23 exited with code 0
2025/05/05 18:13:31 [notice] 1#1: worker process 24 exited with code 0
2025/05/05 18:13:31 [notice] 1#1: worker process 25 exited with code 0
2025/05/05 18:13:31 [notice] 1#1: worker process 26 exited with code 0
2025/05/05 18:13:31 [notice] 1#1: worker process 27 exited with code 0
2025/05/05 18:13:31 [notice] 1#1: exit
2025/05/05 18:13:40 [notice] 1#1: using the "epoll" event method
2025/05/05 18:13:40 [notice] 1#1: nginx/1.27.5
2025/05/05 18:13:40 [notice] 1#1: built by gcc 14.2.0 (Alpine 14.2.0) 
2025/05/05 18:13:40 [notice] 1#1: OS: Linux 5.15.167.4-microsoft-standard-WSL2
2025/05/05 18:13:40 [notice] 1#1: getrlimit(RLIMIT_NOFILE): 1048576:1048576
2025/05/05 18:13:40 [notice] 1#1: start worker processes
2025/05/05 18:13:40 [notice] 1#1: start worker process 20
2025/05/05 18:13:40 [notice] 1#1: start worker process 21
2025/05/05 18:13:40 [notice] 1#1: start worker process 22
2025/05/05 18:13:40 [notice] 1#1: start worker process 23
2025/05/05 18:13:40 [notice] 1#1: start worker process 24
2025/05/05 18:13:40 [notice] 1#1: start worker process 25
2025/05/05 18:13:40 [notice] 1#1: start worker process 26
2025/05/05 18:13:40 [notice] 1#1: start worker process 27
2025/05/05 18:15:16 [notice] 1#1: signal 3 (SIGQUIT) received, shutting down
2025/05/05 18:15:16 [notice] 23#23: gracefully shutting down
2025/05/05 18:15:16 [notice] 21#21: gracefully shutting down
2025/05/05 18:15:16 [notice] 26#26: gracefully shutting down
2025/05/05 18:15:16 [notice] 24#24: gracefully shutting down
2025/05/05 18:15:16 [notice] 20#20: gracefully shutting down
2025/05/05 18:15:16 [notice] 21#21: exiting
2025/05/05 18:15:16 [notice] 26#26: exiting
2025/05/05 18:15:16 [notice] 20#20: exiting
2025/05/05 18:15:16 [notice] 24#24: exiting
2025/05/05 18:15:16 [notice] 23#23: exiting
2025/05/05 18:15:16 [notice] 24#24: exit
2025/05/05 18:15:16 [notice] 21#21: exit
2025/05/05 18:15:16 [notice] 20#20: exit
2025/05/05 18:15:16 [notice] 26#26: exit
2025/05/05 18:15:16 [notice] 23#23: exit
2025/05/05 18:15:16 [notice] 27#27: gracefully shutting down
2025/05/05 18:15:16 [notice] 22#22: gracefully shutting down
2025/05/05 18:15:16 [notice] 25#25: gracefully shutting down
2025/05/05 18:15:16 [notice] 27#27: exiting
2025/05/05 18:15:16 [notice] 22#22: exiting
2025/05/05 18:15:16 [notice] 25#25: exiting
2025/05/05 18:15:16 [notice] 27#27: exit
2025/05/05 18:15:16 [notice] 25#25: exit
2025/05/05 18:15:16 [notice] 22#22: exit
2025/05/05 18:15:16 [notice] 1#1: signal 17 (SIGCHLD) received from 27
2025/05/05 18:15:16 [notice] 1#1: worker process 23 exited with code 0
2025/05/05 18:15:16 [notice] 1#1: worker process 27 exited with code 0
2025/05/05 18:15:16 [notice] 1#1: signal 29 (SIGIO) received
2025/05/05 18:15:16 [notice] 1#1: signal 17 (SIGCHLD) received from 23
2025/05/05 18:15:16 [notice] 1#1: signal 17 (SIGCHLD) received from 26
2025/05/05 18:15:16 [notice] 1#1: worker process 22 exited with code 0
2025/05/05 18:15:16 [notice] 1#1: worker process 26 exited with code 0
2025/05/05 18:15:16 [notice] 1#1: signal 29 (SIGIO) received
2025/05/05 18:15:16 [notice] 1#1: signal 17 (SIGCHLD) received from 22
2025/05/05 18:15:16 [notice] 1#1: signal 17 (SIGCHLD) received from 24
2025/05/05 18:15:16 [notice] 1#1: worker process 20 exited with code 0
2025/05/05 18:15:16 [notice] 1#1: worker process 21 exited with code 0
2025/05/05 18:15:16 [notice] 1#1: worker process 24 exited with code 0
2025/05/05 18:15:16 [notice] 1#1: signal 29 (SIGIO) received
2025/05/05 18:15:16 [notice] 1#1: signal 17 (SIGCHLD) received from 20
2025/05/05 18:15:16 [notice] 1#1: signal 17 (SIGCHLD) received from 25
2025/05/05 18:15:16 [notice] 1#1: worker process 25 exited with code 0
2025/05/05 18:15:16 [notice] 1#1: exit
2025/05/05 18:15:25 [notice] 1#1: using the "epoll" event method
2025/05/05 18:15:25 [notice] 1#1: nginx/1.27.5
2025/05/05 18:15:25 [notice] 1#1: built by gcc 14.2.0 (Alpine 14.2.0) 
2025/05/05 18:15:25 [notice] 1#1: OS: Linux 5.15.167.4-microsoft-standard-WSL2
2025/05/05 18:15:25 [notice] 1#1: getrlimit(RLIMIT_NOFILE): 1048576:1048576
2025/05/05 18:15:25 [notice] 1#1: start worker processes
2025/05/05 18:15:25 [notice] 1#1: start worker process 20
2025/05/05 18:15:25 [notice] 1#1: start worker process 21
2025/05/05 18:15:25 [notice] 1#1: start worker process 22
2025/05/05 18:15:25 [notice] 1#1: start worker process 23
2025/05/05 18:15:25 [notice] 1#1: start worker process 24
2025/05/05 18:15:25 [notice] 1#1: start worker process 25
2025/05/05 18:15:25 [notice] 1#1: start worker process 26
2025/05/05 18:15:25 [notice] 1#1: start worker process 27
2025/05/05 18:16:36 [notice] 1#1: signal 3 (SIGQUIT) received, shutting down
2025/05/05 18:16:36 [notice] 20#20: gracefully shutting down
2025/05/05 18:16:36 [notice] 22#22: gracefully shutting down
2025/05/05 18:16:36 [notice] 24#24: gracefully shutting down
2025/05/05 18:16:36 [notice] 23#23: gracefully shutting down
2025/05/05 18:16:36 [notice] 26#26: gracefully shutting down
2025/05/05 18:16:36 [notice] 27#27: gracefully shutting down
2025/05/05 18:16:36 [notice] 20#20: exiting
2025/05/05 18:16:36 [notice] 22#22: exiting
2025/05/05 18:16:36 [notice] 24#24: exiting
2025/05/05 18:16:36 [notice] 23#23: exiting
2025/05/05 18:16:36 [notice] 27#27: exiting
2025/05/05 18:16:36 [notice] 22#22: exit
2025/05/05 18:16:36 [notice] 26#26: exiting
2025/05/05 18:16:36 [notice] 20#20: exit
2025/05/05 18:16:36 [notice] 24#24: exit
2025/05/05 18:16:36 [notice] 23#23: exit
2025/05/05 18:16:36 [notice] 27#27: exit
2025/05/05 18:16:36 [notice] 26#26: exit
2025/05/05 18:16:36 [notice] 21#21: gracefully shutting down
2025/05/05 18:16:36 [notice] 25#25: gracefully shutting down
2025/05/05 18:16:36 [notice] 21#21: exiting
2025/05/05 18:16:36 [notice] 25#25: exiting
2025/05/05 18:16:36 [notice] 21#21: exit
2025/05/05 18:16:36 [notice] 25#25: exit
2025/05/05 18:16:36 [notice] 1#1: signal 17 (SIGCHLD) received from 22
2025/05/05 18:16:36 [notice] 1#1: worker process 22 exited with code 0
2025/05/05 18:16:36 [notice] 1#1: worker process 27 exited with code 0
2025/05/05 18:16:36 [notice] 1#1: signal 29 (SIGIO) received
2025/05/05 18:16:36 [notice] 1#1: signal 17 (SIGCHLD) received from 26
2025/05/05 18:16:36 [notice] 1#1: worker process 26 exited with code 0
2025/05/05 18:16:36 [notice] 1#1: signal 29 (SIGIO) received
2025/05/05 18:16:36 [notice] 1#1: signal 17 (SIGCHLD) received from 23
2025/05/05 18:16:36 [notice] 1#1: worker process 20 exited with code 0
2025/05/05 18:16:36 [notice] 1#1: worker process 21 exited with code 0
2025/05/05 18:16:36 [notice] 1#1: worker process 23 exited with code 0
2025/05/05 18:16:36 [notice] 1#1: worker process 24 exited with code 0
2025/05/05 18:16:36 [notice] 1#1: signal 17 (SIGCHLD) received from 25
2025/05/05 18:16:36 [notice] 1#1: worker process 25 exited with code 0
2025/05/05 18:16:36 [notice] 1#1: exit
2025/05/05 18:16:44 [notice] 1#1: using the "epoll" event method
2025/05/05 18:16:44 [notice] 1#1: nginx/1.27.5
2025/05/05 18:16:44 [notice] 1#1: built by gcc 14.2.0 (Alpine 14.2.0) 
2025/05/05 18:16:44 [notice] 1#1: OS: Linux 5.15.167.4-microsoft-standard-WSL2
2025/05/05 18:16:44 [notice] 1#1: getrlimit(RLIMIT_NOFILE): 1048576:1048576
2025/05/05 18:16:44 [notice] 1#1: start worker processes
2025/05/05 18:16:44 [notice] 1#1: start worker process 20
2025/05/05 18:16:44 [notice] 1#1: start worker process 21
2025/05/05 18:16:44 [notice] 1#1: start worker process 22
2025/05/05 18:16:44 [notice] 1#1: start worker process 23
2025/05/05 18:16:44 [notice] 1#1: start worker process 24
2025/05/05 18:16:44 [notice] 1#1: start worker process 25
2025/05/05 18:16:44 [notice] 1#1: start worker process 26
2025/05/05 18:16:44 [notice] 1#1: start worker process 27
2025/05/05 18:16:57 [notice] 1#1: signal 3 (SIGQUIT) received, shutting down
2025/05/05 18:16:57 [notice] 20#20: gracefully shutting down
2025/05/05 18:16:57 [notice] 21#21: gracefully shutting down
2025/05/05 18:16:57 [notice] 23#23: gracefully shutting down
2025/05/05 18:16:57 [notice] 21#21: exiting
2025/05/05 18:16:57 [notice] 20#20: exiting
2025/05/05 18:16:57 [notice] 24#24: gracefully shutting down
2025/05/05 18:16:57 [notice] 27#27: gracefully shutting down
2025/05/05 18:16:57 [notice] 22#22: gracefully shutting down
2025/05/05 18:16:57 [notice] 23#23: exiting
2025/05/05 18:16:57 [notice] 27#27: exiting
2025/05/05 18:16:57 [notice] 24#24: exiting
2025/05/05 18:16:57 [notice] 22#22: exiting
2025/05/05 18:16:57 [notice] 21#21: exit
2025/05/05 18:16:57 [notice] 20#20: exit
2025/05/05 18:16:57 [notice] 23#23: exit
2025/05/05 18:16:57 [notice] 22#22: exit
2025/05/05 18:16:57 [notice] 27#27: exit
2025/05/05 18:16:57 [notice] 24#24: exit
2025/05/05 18:16:57 [notice] 25#25: gracefully shutting down
2025/05/05 18:16:57 [notice] 26#26: gracefully shutting down
2025/05/05 18:16:57 [notice] 25#25: exiting
2025/05/05 18:16:57 [notice] 26#26: exiting
2025/05/05 18:16:57 [notice] 25#25: exit
2025/05/05 18:16:57 [notice] 26#26: exit
2025/05/05 18:16:57 [notice] 1#1: signal 17 (SIGCHLD) received from 26
2025/05/05 18:16:57 [notice] 1#1: worker process 20 exited with code 0
2025/05/05 18:16:57 [notice] 1#1: worker process 24 exited with code 0
2025/05/05 18:16:57 [notice] 1#1: worker process 25 exited with code 0
2025/05/05 18:16:57 [notice] 1#1: worker process 26 exited with code 0
2025/05/05 18:16:57 [notice] 1#1: signal 29 (SIGIO) received
2025/05/05 18:16:57 [notice] 1#1: signal 17 (SIGCHLD) received from 20
2025/05/05 18:16:57 [notice] 1#1: signal 17 (SIGCHLD) received from 22
2025/05/05 18:16:57 [notice] 1#1: worker process 22 exited with code 0
2025/05/05 18:16:57 [notice] 1#1: worker process 23 exited with code 0
2025/05/05 18:16:57 [notice] 1#1: signal 29 (SIGIO) received
2025/05/05 18:16:57 [notice] 1#1: signal 17 (SIGCHLD) received from 23
2025/05/05 18:16:57 [notice] 1#1: signal 17 (SIGCHLD) received from 27
2025/05/05 18:16:57 [notice] 1#1: worker process 27 exited with code 0
2025/05/05 18:16:57 [notice] 1#1: signal 29 (SIGIO) received
2025/05/05 18:16:57 [notice] 1#1: signal 17 (SIGCHLD) received from 21
2025/05/05 18:16:57 [notice] 1#1: worker process 21 exited with code 0
2025/05/05 18:16:57 [notice] 1#1: exit
2025/05/05 18:17:04 [notice] 1#1: using the "epoll" event method
2025/05/05 18:17:04 [notice] 1#1: nginx/1.27.5
2025/05/05 18:17:04 [notice] 1#1: built by gcc 14.2.0 (Alpine 14.2.0) 
2025/05/05 18:17:04 [notice] 1#1: OS: Linux 5.15.167.4-microsoft-standard-WSL2
2025/05/05 18:17:04 [notice] 1#1: getrlimit(RLIMIT_NOFILE): 1048576:1048576
2025/05/05 18:17:04 [notice] 1#1: start worker processes
2025/05/05 18:17:04 [notice] 1#1: start worker process 20
2025/05/05 18:17:04 [notice] 1#1: start worker process 21
2025/05/05 18:17:04 [notice] 1#1: start worker process 22
2025/05/05 18:17:04 [notice] 1#1: start worker process 23
2025/05/05 18:17:04 [notice] 1#1: start worker process 24
2025/05/05 18:17:04 [notice] 1#1: start worker process 25
2025/05/05 18:17:04 [notice] 1#1: start worker process 26
2025/05/05 18:17:04 [notice] 1#1: start worker process 27
2025/05/05 18:17:07 [notice] 1#1: signal 3 (SIGQUIT) received, shutting down
2025/05/05 18:17:07 [notice] 25#25: gracefully shutting down
2025/05/05 18:17:07 [notice] 26#26: gracefully shutting down
2025/05/05 18:17:07 [notice] 24#24: gracefully shutting down
2025/05/05 18:17:07 [notice] 27#27: gracefully shutting down
2025/05/05 18:17:07 [notice] 25#25: exiting
2025/05/05 18:17:07 [notice] 24#24: exiting
2025/05/05 18:17:07 [notice] 26#26: exiting
2025/05/05 18:17:07 [notice] 27#27: exiting
2025/05/05 18:17:07 [notice] 27#27: exit
2025/05/05 18:17:07 [notice] 26#26: exit
2025/05/05 18:17:07 [notice] 24#24: exit
2025/05/05 18:17:07 [notice] 25#25: exit
2025/05/05 18:17:07 [notice] 23#23: gracefully shutting down
2025/05/05 18:17:07 [notice] 23#23: exiting
2025/05/05 18:17:07 [notice] 23#23: exit
2025/05/05 18:17:07 [notice] 20#20: gracefully shutting down
2025/05/05 18:17:07 [notice] 20#20: exiting
2025/05/05 18:17:07 [notice] 20#20: exit
2025/05/05 18:17:07 [notice] 21#21: gracefully shutting down
2025/05/05 18:17:07 [notice] 21#21: exiting
2025/05/05 18:17:07 [notice] 21#21: exit
2025/05/05 18:17:07 [notice] 22#22: gracefully shutting down
2025/05/05 18:17:07 [notice] 22#22: exiting
2025/05/05 18:17:07 [notice] 22#22: exit
2025/05/05 18:17:07 [notice] 1#1: signal 17 (SIGCHLD) received from 26
2025/05/05 18:17:07 [notice] 1#1: worker process 25 exited with code 0
2025/05/05 18:17:07 [notice] 1#1: worker process 26 exited with code 0
2025/05/05 18:17:07 [notice] 1#1: worker process 27 exited with code 0
2025/05/05 18:17:07 [notice] 1#1: signal 29 (SIGIO) received
2025/05/05 18:17:07 [notice] 1#1: signal 17 (SIGCHLD) received from 23
2025/05/05 18:17:07 [notice] 1#1: worker process 20 exited with code 0
2025/05/05 18:17:07 [notice] 1#1: worker process 21 exited with code 0
2025/05/05 18:17:07 [notice] 1#1: worker process 22 exited with code 0
2025/05/05 18:17:07 [notice] 1#1: worker process 23 exited with code 0
2025/05/05 18:17:07 [notice] 1#1: worker process 24 exited with code 0
2025/05/05 18:17:07 [notice] 1#1: exit
2025/05/05 18:17:22 [notice] 1#1: using the "epoll" event method
2025/05/05 18:17:22 [notice] 1#1: nginx/1.27.5
2025/05/05 18:17:22 [notice] 1#1: built by gcc 14.2.0 (Alpine 14.2.0) 
2025/05/05 18:17:22 [notice] 1#1: OS: Linux 5.15.167.4-microsoft-standard-WSL2
2025/05/05 18:17:22 [notice] 1#1: getrlimit(RLIMIT_NOFILE): 1048576:1048576
2025/05/05 18:17:22 [notice] 1#1: start worker processes
2025/05/05 18:17:22 [notice] 1#1: start worker process 20
2025/05/05 18:17:22 [notice] 1#1: start worker process 21
2025/05/05 18:17:22 [notice] 1#1: start worker process 22
2025/05/05 18:17:22 [notice] 1#1: start worker process 23
2025/05/05 18:17:22 [notice] 1#1: start worker process 24
2025/05/05 18:17:22 [notice] 1#1: start worker process 25
2025/05/05 18:17:22 [notice] 1#1: start worker process 26
2025/05/05 18:17:22 [notice] 1#1: start worker process 27
2025/05/05 18:17:36 [notice] 1#1: signal 3 (SIGQUIT) received, shutting down
2025/05/05 18:17:36 [notice] 21#21: gracefully shutting down
2025/05/05 18:17:36 [notice] 20#20: gracefully shutting down
2025/05/05 18:17:36 [notice] 24#24: gracefully shutting down
2025/05/05 18:17:36 [notice] 26#26: gracefully shutting down
2025/05/05 18:17:36 [notice] 25#25: gracefully shutting down
2025/05/05 18:17:36 [notice] 21#21: exiting
2025/05/05 18:17:36 [notice] 27#27: gracefully shutting down
2025/05/05 18:17:36 [notice] 20#20: exiting
2025/05/05 18:17:36 [notice] 24#24: exiting
2025/05/05 18:17:36 [notice] 25#25: exiting
2025/05/05 18:17:36 [notice] 27#27: exiting
2025/05/05 18:17:36 [notice] 26#26: exiting
2025/05/05 18:17:36 [notice] 20#20: exit
2025/05/05 18:17:36 [notice] 21#21: exit
2025/05/05 18:17:36 [notice] 25#25: exit
2025/05/05 18:17:36 [notice] 27#27: exit
2025/05/05 18:17:36 [notice] 24#24: exit
2025/05/05 18:17:36 [notice] 26#26: exit
2025/05/05 18:17:36 [notice] 22#22: gracefully shutting down
2025/05/05 18:17:36 [notice] 22#22: exiting
2025/05/05 18:17:36 [notice] 22#22: exit
2025/05/05 18:17:36 [notice] 23#23: gracefully shutting down
2025/05/05 18:17:36 [notice] 23#23: exiting
2025/05/05 18:17:36 [notice] 23#23: exit
2025/05/05 18:17:36 [notice] 1#1: signal 17 (SIGCHLD) received from 21
2025/05/05 18:17:36 [notice] 1#1: worker process 21 exited with code 0
2025/05/05 18:17:36 [notice] 1#1: worker process 27 exited with code 0
2025/05/05 18:17:36 [notice] 1#1: signal 29 (SIGIO) received
2025/05/05 18:17:36 [notice] 1#1: signal 17 (SIGCHLD) received from 27
2025/05/05 18:17:36 [notice] 1#1: signal 17 (SIGCHLD) received from 25
2025/05/05 18:17:36 [notice] 1#1: worker process 22 exited with code 0
2025/05/05 18:17:36 [notice] 1#1: worker process 23 exited with code 0
2025/05/05 18:17:36 [notice] 1#1: worker process 25 exited with code 0
2025/05/05 18:17:36 [notice] 1#1: signal 29 (SIGIO) received
2025/05/05 18:17:36 [notice] 1#1: signal 17 (SIGCHLD) received from 26
2025/05/05 18:17:36 [notice] 1#1: worker process 26 exited with code 0
2025/05/05 18:17:36 [notice] 1#1: signal 29 (SIGIO) received
2025/05/05 18:17:36 [notice] 1#1: signal 17 (SIGCHLD) received from 24
2025/05/05 18:17:36 [notice] 1#1: worker process 24 exited with code 0
2025/05/05 18:17:36 [notice] 1#1: signal 29 (SIGIO) received
2025/05/05 18:17:36 [notice] 1#1: signal 17 (SIGCHLD) received from 20
2025/05/05 18:17:36 [notice] 1#1: worker process 20 exited with code 0
2025/05/05 18:17:36 [notice] 1#1: exit
2025/05/05 18:17:41 [notice] 1#1: using the "epoll" event method
2025/05/05 18:17:41 [notice] 1#1: nginx/1.27.5
2025/05/05 18:17:41 [notice] 1#1: built by gcc 14.2.0 (Alpine 14.2.0) 
2025/05/05 18:17:41 [notice] 1#1: OS: Linux 5.15.167.4-microsoft-standard-WSL2
2025/05/05 18:17:41 [notice] 1#1: getrlimit(RLIMIT_NOFILE): 1048576:1048576
2025/05/05 18:17:41 [notice] 1#1: start worker processes
2025/05/05 18:17:41 [notice] 1#1: start worker process 20
2025/05/05 18:17:41 [notice] 1#1: start worker process 21
2025/05/05 18:17:41 [notice] 1#1: start worker process 22
2025/05/05 18:17:41 [notice] 1#1: start worker process 23
2025/05/05 18:17:41 [notice] 1#1: start worker process 24
2025/05/05 18:17:41 [notice] 1#1: start worker process 25
2025/05/05 18:17:41 [notice] 1#1: start worker process 26
2025/05/05 18:17:41 [notice] 1#1: start worker process 27
2025/05/05 18:20:54 [notice] 1#1: signal 3 (SIGQUIT) received, shutting down
2025/05/05 18:20:54 [notice] 22#22: gracefully shutting down
2025/05/05 18:20:54 [notice] 20#20: gracefully shutting down
2025/05/05 18:20:54 [notice] 20#20: exiting
2025/05/05 18:20:54 [notice] 22#22: exiting
2025/05/05 18:20:54 [notice] 20#20: exit
2025/05/05 18:20:54 [notice] 22#22: exit
2025/05/05 18:20:54 [notice] 21#21: gracefully shutting down
2025/05/05 18:20:54 [notice] 21#21: exiting
2025/05/05 18:20:54 [notice] 26#26: gracefully shutting down
2025/05/05 18:20:54 [notice] 24#24: gracefully shutting down
2025/05/05 18:20:54 [notice] 21#21: exit
2025/05/05 18:20:54 [notice] 25#25: gracefully shutting down
2025/05/05 18:20:54 [notice] 24#24: exiting
2025/05/05 18:20:54 [notice] 26#26: exiting
2025/05/05 18:20:54 [notice] 25#25: exiting
2025/05/05 18:20:54 [notice] 24#24: exit
2025/05/05 18:20:54 [notice] 25#25: exit
2025/05/05 18:20:54 [notice] 26#26: exit
2025/05/05 18:20:54 [notice] 23#23: gracefully shutting down
2025/05/05 18:20:54 [notice] 23#23: exiting
2025/05/05 18:20:54 [notice] 23#23: exit
2025/05/05 18:20:54 [notice] 27#27: gracefully shutting down
2025/05/05 18:20:54 [notice] 27#27: exiting
2025/05/05 18:20:54 [notice] 27#27: exit
2025/05/05 18:20:54 [notice] 1#1: signal 17 (SIGCHLD) received from 20
2025/05/05 18:20:54 [notice] 1#1: worker process 20 exited with code 0
2025/05/05 18:20:54 [notice] 1#1: worker process 21 exited with code 0
2025/05/05 18:20:54 [notice] 1#1: signal 29 (SIGIO) received
2025/05/05 18:20:54 [notice] 1#1: signal 17 (SIGCHLD) received from 26
2025/05/05 18:20:54 [notice] 1#1: worker process 24 exited with code 0
2025/05/05 18:20:54 [notice] 1#1: worker process 26 exited with code 0
2025/05/05 18:20:54 [notice] 1#1: signal 29 (SIGIO) received
2025/05/05 18:20:54 [notice] 1#1: signal 17 (SIGCHLD) received from 25
2025/05/05 18:20:54 [notice] 1#1: worker process 22 exited with code 0
2025/05/05 18:20:54 [notice] 1#1: worker process 23 exited with code 0
2025/05/05 18:20:54 [notice] 1#1: worker process 25 exited with code 0
2025/05/05 18:20:54 [notice] 1#1: worker process 27 exited with code 0
2025/05/05 18:20:54 [notice] 1#1: exit
2025/05/05 18:21:10 [notice] 1#1: using the "epoll" event method
2025/05/05 18:21:10 [notice] 1#1: nginx/1.27.5
2025/05/05 18:21:10 [notice] 1#1: built by gcc 14.2.0 (Alpine 14.2.0) 
2025/05/05 18:21:10 [notice] 1#1: OS: Linux 5.15.167.4-microsoft-standard-WSL2
2025/05/05 18:21:10 [notice] 1#1: getrlimit(RLIMIT_NOFILE): 1048576:1048576
2025/05/05 18:21:10 [notice] 1#1: start worker processes
2025/05/05 18:21:10 [notice] 1#1: start worker process 20
2025/05/05 18:21:10 [notice] 1#1: start worker process 21
2025/05/05 18:21:10 [notice] 1#1: start worker process 22
2025/05/05 18:21:10 [notice] 1#1: start worker process 23
2025/05/05 18:21:10 [notice] 1#1: start worker process 24
2025/05/05 18:21:10 [notice] 1#1: start worker process 25
2025/05/05 18:21:10 [notice] 1#1: start worker process 26
2025/05/05 18:21:10 [notice] 1#1: start worker process 27
2025/05/05 18:21:29 [notice] 1#1: signal 3 (SIGQUIT) received, shutting down
2025/05/05 18:21:29 [notice] 20#20: gracefully shutting down
2025/05/05 18:21:29 [notice] 23#23: gracefully shutting down
2025/05/05 18:21:29 [notice] 21#21: gracefully shutting down
2025/05/05 18:21:29 [notice] 20#20: exiting
2025/05/05 18:21:29 [notice] 22#22: gracefully shutting down
2025/05/05 18:21:29 [notice] 21#21: exiting
2025/05/05 18:21:29 [notice] 22#22: exiting
2025/05/05 18:21:29 [notice] 23#23: exiting
2025/05/05 18:21:29 [notice] 20#20: exit
2025/05/05 18:21:29 [notice] 22#22: exit
2025/05/05 18:21:29 [notice] 23#23: exit
2025/05/05 18:21:29 [notice] 21#21: exit
2025/05/05 18:21:29 [notice] 24#24: gracefully shutting down
2025/05/05 18:21:29 [notice] 26#26: gracefully shutting down
2025/05/05 18:21:29 [notice] 25#25: gracefully shutting down
2025/05/05 18:21:29 [notice] 25#25: exiting
2025/05/05 18:21:29 [notice] 24#24: exiting
2025/05/05 18:21:29 [notice] 26#26: exiting
2025/05/05 18:21:29 [notice] 26#26: exit
2025/05/05 18:21:29 [notice] 24#24: exit
2025/05/05 18:21:29 [notice] 25#25: exit
2025/05/05 18:21:29 [notice] 27#27: gracefully shutting down
2025/05/05 18:21:29 [notice] 27#27: exiting
2025/05/05 18:21:29 [notice] 27#27: exit
2025/05/05 18:21:29 [notice] 1#1: signal 17 (SIGCHLD) received from 23
2025/05/05 18:21:29 [notice] 1#1: worker process 22 exited with code 0
2025/05/05 18:21:29 [notice] 1#1: worker process 23 exited with code 0
2025/05/05 18:21:29 [notice] 1#1: worker process 26 exited with code 0
2025/05/05 18:21:29 [notice] 1#1: signal 29 (SIGIO) received
2025/05/05 18:21:29 [notice] 1#1: signal 17 (SIGCHLD) received from 27
2025/05/05 18:21:29 [notice] 1#1: worker process 25 exited with code 0
2025/05/05 18:21:29 [notice] 1#1: worker process 27 exited with code 0
2025/05/05 18:21:29 [notice] 1#1: signal 29 (SIGIO) received
2025/05/05 18:21:30 [notice] 1#1: signal 17 (SIGCHLD) received from 21
2025/05/05 18:21:30 [notice] 1#1: worker process 21 exited with code 0
2025/05/05 18:21:30 [notice] 1#1: signal 29 (SIGIO) received
2025/05/05 18:21:30 [notice] 1#1: signal 17 (SIGCHLD) received from 20
2025/05/05 18:21:30 [notice] 1#1: worker process 20 exited with code 0
2025/05/05 18:21:30 [notice] 1#1: signal 29 (SIGIO) received
2025/05/05 18:21:30 [notice] 1#1: signal 17 (SIGCHLD) received from 24
2025/05/05 18:21:30 [notice] 1#1: worker process 24 exited with code 0
2025/05/05 18:21:30 [notice] 1#1: exit
2025/05/05 18:23:25 [notice] 1#1: using the "epoll" event method
2025/05/05 18:23:25 [notice] 1#1: nginx/1.27.5
2025/05/05 18:23:25 [notice] 1#1: built by gcc 14.2.0 (Alpine 14.2.0) 
2025/05/05 18:23:25 [notice] 1#1: OS: Linux 5.15.167.4-microsoft-standard-WSL2
2025/05/05 18:23:25 [notice] 1#1: getrlimit(RLIMIT_NOFILE): 1048576:1048576
2025/05/05 18:23:25 [notice] 1#1: start worker processes
2025/05/05 18:23:25 [notice] 1#1: start worker process 20
2025/05/05 18:23:25 [notice] 1#1: start worker process 21
2025/05/05 18:23:25 [notice] 1#1: start worker process 22
2025/05/05 18:23:25 [notice] 1#1: start worker process 23
2025/05/05 18:23:25 [notice] 1#1: start worker process 24
2025/05/05 18:23:25 [notice] 1#1: start worker process 25
2025/05/05 18:23:25 [notice] 1#1: start worker process 26
2025/05/05 18:23:25 [notice] 1#1: start worker process 27
2025/05/05 18:27:24 [notice] 1#1: signal 3 (SIGQUIT) received, shutting down
2025/05/05 18:27:24 [notice] 22#22: gracefully shutting down
2025/05/05 18:27:24 [notice] 23#23: gracefully shutting down
2025/05/05 18:27:24 [notice] 20#20: gracefully shutting down
2025/05/05 18:27:24 [notice] 26#26: gracefully shutting down
2025/05/05 18:27:24 [notice] 20#20: exiting
2025/05/05 18:27:24 [notice] 23#23: exiting
2025/05/05 18:27:24 [notice] 22#22: exiting
2025/05/05 18:27:24 [notice] 26#26: exiting
2025/05/05 18:27:24 [notice] 20#20: exit
2025/05/05 18:27:24 [notice] 22#22: exit
2025/05/05 18:27:24 [notice] 23#23: exit
2025/05/05 18:27:24 [notice] 26#26: exit
2025/05/05 18:27:24 [notice] 21#21: gracefully shutting down
2025/05/05 18:27:24 [notice] 24#24: gracefully shutting down
2025/05/05 18:27:24 [notice] 25#25: gracefully shutting down
2025/05/05 18:27:24 [notice] 21#21: exiting
2025/05/05 18:27:24 [notice] 24#24: exiting
2025/05/05 18:27:24 [notice] 25#25: exiting
2025/05/05 18:27:24 [notice] 21#21: exit
2025/05/05 18:27:24 [notice] 24#24: exit
2025/05/05 18:27:24 [notice] 25#25: exit
2025/05/05 18:27:24 [notice] 27#27: gracefully shutting down
2025/05/05 18:27:24 [notice] 27#27: exiting
2025/05/05 18:27:24 [notice] 27#27: exit
2025/05/05 18:27:24 [notice] 1#1: signal 17 (SIGCHLD) received from 25
2025/05/05 18:27:24 [notice] 1#1: worker process 23 exited with code 0
2025/05/05 18:27:24 [notice] 1#1: worker process 25 exited with code 0
2025/05/05 18:27:24 [notice] 1#1: signal 29 (SIGIO) received
2025/05/05 18:27:24 [notice] 1#1: signal 17 (SIGCHLD) received from 20
2025/05/05 18:27:24 [notice] 1#1: worker process 20 exited with code 0
2025/05/05 18:27:24 [notice] 1#1: worker process 21 exited with code 0
2025/05/05 18:27:24 [notice] 1#1: worker process 22 exited with code 0
2025/05/05 18:27:24 [notice] 1#1: worker process 24 exited with code 0
2025/05/05 18:27:24 [notice] 1#1: worker process 26 exited with code 0
2025/05/05 18:27:24 [notice] 1#1: worker process 27 exited with code 0
2025/05/05 18:27:24 [notice] 1#1: exit
2025/05/05 18:27:33 [notice] 1#1: using the "epoll" event method
2025/05/05 18:27:33 [notice] 1#1: nginx/1.27.5
2025/05/05 18:27:33 [notice] 1#1: built by gcc 14.2.0 (Alpine 14.2.0) 
2025/05/05 18:27:33 [notice] 1#1: OS: Linux 5.15.167.4-microsoft-standard-WSL2
2025/05/05 18:27:33 [notice] 1#1: getrlimit(RLIMIT_NOFILE): 1048576:1048576
2025/05/05 18:27:33 [notice] 1#1: start worker processes
2025/05/05 18:27:33 [notice] 1#1: start worker process 21
2025/05/05 18:27:33 [notice] 1#1: start worker process 22
2025/05/05 18:27:33 [notice] 1#1: start worker process 23
2025/05/05 18:27:33 [notice] 1#1: start worker process 24
2025/05/05 18:27:33 [notice] 1#1: start worker process 25
2025/05/05 18:27:33 [notice] 1#1: start worker process 26
2025/05/05 18:27:33 [notice] 1#1: start worker process 27
2025/05/05 18:27:33 [notice] 1#1: start worker process 28
2025/05/05 18:27:46 [notice] 1#1: signal 3 (SIGQUIT) received, shutting down
2025/05/05 18:27:46 [notice] 21#21: gracefully shutting down
2025/05/05 18:27:46 [notice] 23#23: gracefully shutting down
2025/05/05 18:27:46 [notice] 24#24: gracefully shutting down
2025/05/05 18:27:46 [notice] 21#21: exiting
2025/05/05 18:27:46 [notice] 26#26: gracefully shutting down
2025/05/05 18:27:46 [notice] 23#23: exiting
2025/05/05 18:27:46 [notice] 24#24: exiting
2025/05/05 18:27:46 [notice] 26#26: exiting
2025/05/05 18:27:46 [notice] 27#27: gracefully shutting down
2025/05/05 18:27:46 [notice] 27#27: exiting
2025/05/05 18:27:46 [notice] 26#26: exit
2025/05/05 18:27:46 [notice] 24#24: exit
2025/05/05 18:27:46 [notice] 21#21: exit
2025/05/05 18:27:46 [notice] 23#23: exit
2025/05/05 18:27:46 [notice] 27#27: exit
2025/05/05 18:27:46 [notice] 22#22: gracefully shutting down
2025/05/05 18:27:46 [notice] 22#22: exiting
2025/05/05 18:27:46 [notice] 25#25: gracefully shutting down
2025/05/05 18:27:46 [notice] 25#25: exiting
2025/05/05 18:27:46 [notice] 22#22: exit
2025/05/05 18:27:46 [notice] 25#25: exit
2025/05/05 18:27:46 [notice] 28#28: gracefully shutting down
2025/05/05 18:27:46 [notice] 28#28: exiting
2025/05/05 18:27:46 [notice] 28#28: exit
2025/05/05 18:27:46 [notice] 1#1: signal 17 (SIGCHLD) received from 23
2025/05/05 18:27:46 [notice] 1#1: worker process 23 exited with code 0
2025/05/05 18:27:46 [notice] 1#1: worker process 26 exited with code 0
2025/05/05 18:27:46 [notice] 1#1: signal 29 (SIGIO) received
2025/05/05 18:27:46 [notice] 1#1: signal 17 (SIGCHLD) received from 27
2025/05/05 18:27:46 [notice] 1#1: worker process 27 exited with code 0
2025/05/05 18:27:46 [notice] 1#1: signal 29 (SIGIO) received
2025/05/05 18:27:46 [notice] 1#1: signal 17 (SIGCHLD) received from 28
2025/05/05 18:27:46 [notice] 1#1: worker process 24 exited with code 0
2025/05/05 18:27:46 [notice] 1#1: worker process 21 exited with code 0
2025/05/05 18:27:46 [notice] 1#1: worker process 22 exited with code 0
2025/05/05 18:27:46 [notice] 1#1: worker process 28 exited with code 0
2025/05/05 18:27:46 [notice] 1#1: signal 29 (SIGIO) received
2025/05/05 18:27:46 [notice] 1#1: signal 17 (SIGCHLD) received from 24
2025/05/05 18:27:46 [notice] 1#1: signal 17 (SIGCHLD) received from 25
2025/05/05 18:27:46 [notice] 1#1: worker process 25 exited with code 0
2025/05/05 18:27:46 [notice] 1#1: exit
2025/05/05 18:28:02 [notice] 1#1: using the "epoll" event method
2025/05/05 18:28:02 [notice] 1#1: nginx/1.27.5
2025/05/05 18:28:02 [notice] 1#1: built by gcc 14.2.0 (Alpine 14.2.0) 
2025/05/05 18:28:02 [notice] 1#1: OS: Linux 5.15.167.4-microsoft-standard-WSL2
2025/05/05 18:28:02 [notice] 1#1: getrlimit(RLIMIT_NOFILE): 1048576:1048576
2025/05/05 18:28:02 [notice] 1#1: start worker processes
2025/05/05 18:28:02 [notice] 1#1: start worker process 20
2025/05/05 18:28:02 [notice] 1#1: start worker process 21
2025/05/05 18:28:02 [notice] 1#1: start worker process 22
2025/05/05 18:28:02 [notice] 1#1: start worker process 23
2025/05/05 18:28:02 [notice] 1#1: start worker process 24
2025/05/05 18:28:02 [notice] 1#1: start worker process 25
2025/05/05 18:28:02 [notice] 1#1: start worker process 26
2025/05/05 18:28:02 [notice] 1#1: start worker process 27
2025/05/05 18:32:08 [notice] 1#1: signal 3 (SIGQUIT) received, shutting down
2025/05/05 18:32:08 [notice] 20#20: gracefully shutting down
2025/05/05 18:32:08 [notice] 20#20: exiting
2025/05/05 18:32:08 [notice] 20#20: exit
2025/05/05 18:32:08 [notice] 21#21: gracefully shutting down
2025/05/05 18:32:08 [notice] 22#22: gracefully shutting down
2025/05/05 18:32:08 [notice] 27#27: gracefully shutting down
2025/05/05 18:32:08 [notice] 21#21: exiting
2025/05/05 18:32:08 [notice] 22#22: exiting
2025/05/05 18:32:08 [notice] 27#27: exiting
2025/05/05 18:32:08 [notice] 21#21: exit
2025/05/05 18:32:08 [notice] 27#27: exit
2025/05/05 18:32:08 [notice] 24#24: gracefully shutting down
2025/05/05 18:32:08 [notice] 24#24: exiting
2025/05/05 18:32:08 [notice] 23#23: gracefully shutting down
2025/05/05 18:32:08 [notice] 24#24: exit
2025/05/05 18:32:08 [notice] 23#23: exiting
2025/05/05 18:32:08 [notice] 23#23: exit
2025/05/05 18:32:08 [notice] 25#25: gracefully shutting down
2025/05/05 18:32:08 [notice] 25#25: exiting
2025/05/05 18:32:08 [notice] 25#25: exit
2025/05/05 18:32:08 [notice] 26#26: gracefully shutting down
2025/05/05 18:32:08 [notice] 26#26: exiting
2025/05/05 18:32:08 [notice] 26#26: exit
2025/05/05 18:32:08 [notice] 22#22: exit
2025/05/05 18:32:08 [notice] 1#1: signal 17 (SIGCHLD) received from 27
2025/05/05 18:32:08 [notice] 1#1: worker process 27 exited with code 0
2025/05/05 18:32:08 [notice] 1#1: signal 29 (SIGIO) received
2025/05/05 18:32:08 [notice] 1#1: signal 17 (SIGCHLD) received from 21
2025/05/05 18:32:08 [notice] 1#1: worker process 21 exited with code 0
2025/05/05 18:32:08 [notice] 1#1: signal 29 (SIGIO) received
2025/05/05 18:32:08 [notice] 1#1: signal 17 (SIGCHLD) received from 24
2025/05/05 18:32:08 [notice] 1#1: worker process 24 exited with code 0
2025/05/05 18:32:08 [notice] 1#1: worker process 20 exited with code 0
2025/05/05 18:32:08 [notice] 1#1: worker process 22 exited with code 0
2025/05/05 18:32:08 [notice] 1#1: worker process 23 exited with code 0
2025/05/05 18:32:08 [notice] 1#1: worker process 25 exited with code 0
2025/05/05 18:32:08 [notice] 1#1: worker process 26 exited with code 0
2025/05/05 18:32:08 [notice] 1#1: exit
2025/05/05 18:32:26 [notice] 1#1: using the "epoll" event method
2025/05/05 18:32:26 [notice] 1#1: nginx/1.27.5
2025/05/05 18:32:26 [notice] 1#1: built by gcc 14.2.0 (Alpine 14.2.0) 
2025/05/05 18:32:26 [notice] 1#1: OS: Linux 5.15.167.4-microsoft-standard-WSL2
2025/05/05 18:32:26 [notice] 1#1: getrlimit(RLIMIT_NOFILE): 1048576:1048576
2025/05/05 18:32:26 [notice] 1#1: start worker processes
2025/05/05 18:32:26 [notice] 1#1: start worker process 20
2025/05/05 18:32:26 [notice] 1#1: start worker process 21
2025/05/05 18:32:26 [notice] 1#1: start worker process 22
2025/05/05 18:32:26 [notice] 1#1: start worker process 23
2025/05/05 18:32:26 [notice] 1#1: start worker process 24
2025/05/05 18:32:26 [notice] 1#1: start worker process 25
2025/05/05 18:32:26 [notice] 1#1: start worker process 26
2025/05/05 18:32:26 [notice] 1#1: start worker process 27
2025/05/05 18:35:56 [notice] 1#1: signal 3 (SIGQUIT) received, shutting down
2025/05/05 18:35:56 [notice] 21#21: gracefully shutting down
2025/05/05 18:35:56 [notice] 22#22: gracefully shutting down
2025/05/05 18:35:56 [notice] 23#23: gracefully shutting down
2025/05/05 18:35:56 [notice] 27#27: gracefully shutting down
2025/05/05 18:35:56 [notice] 21#21: exiting
2025/05/05 18:35:56 [notice] 24#24: gracefully shutting down
2025/05/05 18:35:56 [notice] 23#23: exiting
2025/05/05 18:35:56 [notice] 24#24: exiting
2025/05/05 18:35:56 [notice] 22#22: exiting
2025/05/05 18:35:56 [notice] 27#27: exiting
2025/05/05 18:35:56 [notice] 27#27: exit
2025/05/05 18:35:56 [notice] 24#24: exit
2025/05/05 18:35:56 [notice] 22#22: exit
2025/05/05 18:35:56 [notice] 21#21: exit
2025/05/05 18:35:56 [notice] 23#23: exit
2025/05/05 18:35:56 [notice] 25#25: gracefully shutting down
2025/05/05 18:35:56 [notice] 20#20: gracefully shutting down
2025/05/05 18:35:56 [notice] 26#26: gracefully shutting down
2025/05/05 18:35:56 [notice] 20#20: exiting
2025/05/05 18:35:56 [notice] 26#26: exiting
2025/05/05 18:35:56 [notice] 20#20: exit
2025/05/05 18:35:56 [notice] 26#26: exit
2025/05/05 18:35:56 [notice] 25#25: exiting
2025/05/05 18:35:56 [notice] 25#25: exit
2025/05/05 18:35:56 [notice] 1#1: signal 17 (SIGCHLD) received from 20
2025/05/05 18:35:56 [notice] 1#1: worker process 20 exited with code 0
2025/05/05 18:35:56 [notice] 1#1: worker process 21 exited with code 0
2025/05/05 18:35:56 [notice] 1#1: worker process 23 exited with code 0
2025/05/05 18:35:56 [notice] 1#1: worker process 25 exited with code 0
2025/05/05 18:35:56 [notice] 1#1: worker process 26 exited with code 0
2025/05/05 18:35:56 [notice] 1#1: signal 29 (SIGIO) received
2025/05/05 18:35:56 [notice] 1#1: signal 17 (SIGCHLD) received from 26
2025/05/05 18:35:56 [notice] 1#1: signal 17 (SIGCHLD) received from 27
2025/05/05 18:35:56 [notice] 1#1: worker process 22 exited with code 0
2025/05/05 18:35:56 [notice] 1#1: worker process 24 exited with code 0
2025/05/05 18:35:56 [notice] 1#1: worker process 27 exited with code 0
2025/05/05 18:35:56 [notice] 1#1: exit
2025/05/05 18:35:59 [notice] 1#1: using the "epoll" event method
2025/05/05 18:35:59 [notice] 1#1: nginx/1.27.5
2025/05/05 18:35:59 [notice] 1#1: built by gcc 14.2.0 (Alpine 14.2.0) 
2025/05/05 18:35:59 [notice] 1#1: OS: Linux 5.15.167.4-microsoft-standard-WSL2
2025/05/05 18:35:59 [notice] 1#1: getrlimit(RLIMIT_NOFILE): 1048576:1048576
2025/05/05 18:35:59 [notice] 1#1: start worker processes
2025/05/05 18:35:59 [notice] 1#1: start worker process 20
2025/05/05 18:35:59 [notice] 1#1: start worker process 21
2025/05/05 18:35:59 [notice] 1#1: start worker process 22
2025/05/05 18:35:59 [notice] 1#1: start worker process 23
2025/05/05 18:35:59 [notice] 1#1: start worker process 24
2025/05/05 18:35:59 [notice] 1#1: start worker process 25
2025/05/05 18:35:59 [notice] 1#1: start worker process 26
2025/05/05 18:35:59 [notice] 1#1: start worker process 27
2025/05/05 18:37:00 [notice] 1#1: signal 3 (SIGQUIT) received, shutting down
2025/05/05 18:37:00 [notice] 20#20: gracefully shutting down
2025/05/05 18:37:00 [notice] 20#20: exiting
2025/05/05 18:37:00 [notice] 21#21: gracefully shutting down
2025/05/05 18:37:00 [notice] 22#22: gracefully shutting down
2025/05/05 18:37:00 [notice] 24#24: gracefully shutting down
2025/05/05 18:37:00 [notice] 24#24: exiting
2025/05/05 18:37:00 [notice] 22#22: exiting
2025/05/05 18:37:00 [notice] 21#21: exiting
2025/05/05 18:37:00 [notice] 20#20: exit
2025/05/05 18:37:00 [notice] 24#24: exit
2025/05/05 18:37:00 [notice] 22#22: exit
2025/05/05 18:37:00 [notice] 26#26: gracefully shutting down
2025/05/05 18:37:00 [notice] 21#21: exit
2025/05/05 18:37:00 [notice] 26#26: exiting
2025/05/05 18:37:00 [notice] 26#26: exit
2025/05/05 18:37:00 [notice] 27#27: gracefully shutting down
2025/05/05 18:37:00 [notice] 23#23: gracefully shutting down
2025/05/05 18:37:00 [notice] 27#27: exiting
2025/05/05 18:37:00 [notice] 25#25: gracefully shutting down
2025/05/05 18:37:00 [notice] 23#23: exiting
2025/05/05 18:37:00 [notice] 25#25: exiting
2025/05/05 18:37:00 [notice] 27#27: exit
2025/05/05 18:37:00 [notice] 23#23: exit
2025/05/05 18:37:00 [notice] 25#25: exit
2025/05/05 18:37:00 [notice] 1#1: signal 17 (SIGCHLD) received from 21
2025/05/05 18:37:00 [notice] 1#1: worker process 21 exited with code 0
2025/05/05 18:37:00 [notice] 1#1: signal 29 (SIGIO) received
2025/05/05 18:37:00 [notice] 1#1: signal 17 (SIGCHLD) received from 26
2025/05/05 18:37:00 [notice] 1#1: worker process 26 exited with code 0
2025/05/05 18:37:00 [notice] 1#1: signal 29 (SIGIO) received
2025/05/05 18:37:00 [notice] 1#1: signal 17 (SIGCHLD) received from 25
2025/05/05 18:37:00 [notice] 1#1: worker process 25 exited with code 0
2025/05/05 18:37:00 [notice] 1#1: signal 29 (SIGIO) received
2025/05/05 18:37:00 [notice] 1#1: signal 17 (SIGCHLD) received from 22
2025/05/05 18:37:00 [notice] 1#1: worker process 20 exited with code 0
2025/05/05 18:37:00 [notice] 1#1: worker process 22 exited with code 0
2025/05/05 18:37:00 [notice] 1#1: worker process 23 exited with code 0
2025/05/05 18:37:00 [notice] 1#1: signal 29 (SIGIO) received
2025/05/05 18:37:00 [notice] 1#1: signal 17 (SIGCHLD) received from 27
2025/05/05 18:37:00 [notice] 1#1: worker process 24 exited with code 0
2025/05/05 18:37:00 [notice] 1#1: worker process 27 exited with code 0
2025/05/05 18:37:00 [notice] 1#1: exit
2025/05/05 18:37:03 [notice] 1#1: using the "epoll" event method
2025/05/05 18:37:03 [notice] 1#1: nginx/1.27.5
2025/05/05 18:37:03 [notice] 1#1: built by gcc 14.2.0 (Alpine 14.2.0) 
2025/05/05 18:37:03 [notice] 1#1: OS: Linux 5.15.167.4-microsoft-standard-WSL2
2025/05/05 18:37:03 [notice] 1#1: getrlimit(RLIMIT_NOFILE): 1048576:1048576
2025/05/05 18:37:03 [notice] 1#1: start worker processes
2025/05/05 18:37:03 [notice] 1#1: start worker process 20
2025/05/05 18:37:03 [notice] 1#1: start worker process 21
2025/05/05 18:37:03 [notice] 1#1: start worker process 22
2025/05/05 18:37:03 [notice] 1#1: start worker process 23
2025/05/05 18:37:03 [notice] 1#1: start worker process 24
2025/05/05 18:37:03 [notice] 1#1: start worker process 25
2025/05/05 18:37:03 [notice] 1#1: start worker process 26
2025/05/05 18:37:03 [notice] 1#1: start worker process 27
2025/05/05 18:39:35 [notice] 1#1: signal 3 (SIGQUIT) received, shutting down
2025/05/05 18:39:35 [notice] 20#20: gracefully shutting down
2025/05/05 18:39:35 [notice] 21#21: gracefully shutting down
2025/05/05 18:39:35 [notice] 22#22: gracefully shutting down
2025/05/05 18:39:35 [notice] 25#25: gracefully shutting down
2025/05/05 18:39:35 [notice] 20#20: exiting
2025/05/05 18:39:35 [notice] 24#24: gracefully shutting down
2025/05/05 18:39:35 [notice] 21#21: exiting
2025/05/05 18:39:35 [notice] 25#25: exiting
2025/05/05 18:39:35 [notice] 22#22: exiting
2025/05/05 18:39:35 [notice] 24#24: exiting
2025/05/05 18:39:35 [notice] 21#21: exit
2025/05/05 18:39:35 [notice] 25#25: exit
2025/05/05 18:39:35 [notice] 20#20: exit
2025/05/05 18:39:35 [notice] 24#24: exit
2025/05/05 18:39:35 [notice] 22#22: exit
2025/05/05 18:39:35 [notice] 27#27: gracefully shutting down
2025/05/05 18:39:35 [notice] 27#27: exiting
2025/05/05 18:39:35 [notice] 27#27: exit
2025/05/05 18:39:35 [notice] 26#26: gracefully shutting down
2025/05/05 18:39:35 [notice] 26#26: exiting
2025/05/05 18:39:35 [notice] 26#26: exit
2025/05/05 18:39:35 [notice] 23#23: gracefully shutting down
2025/05/05 18:39:35 [notice] 23#23: exiting
2025/05/05 18:39:35 [notice] 23#23: exit
2025/05/05 18:39:35 [notice] 1#1: signal 17 (SIGCHLD) received from 25
2025/05/05 18:39:35 [notice] 1#1: worker process 23 exited with code 0
2025/05/05 18:39:35 [notice] 1#1: worker process 25 exited with code 0
2025/05/05 18:39:35 [notice] 1#1: signal 29 (SIGIO) received
2025/05/05 18:39:35 [notice] 1#1: signal 17 (SIGCHLD) received from 21
2025/05/05 18:39:35 [notice] 1#1: worker process 21 exited with code 0
2025/05/05 18:39:35 [notice] 1#1: signal 29 (SIGIO) received
2025/05/05 18:39:35 [notice] 1#1: signal 17 (SIGCHLD) received from 22
2025/05/05 18:39:35 [notice] 1#1: worker process 22 exited with code 0
2025/05/05 18:39:35 [notice] 1#1: signal 29 (SIGIO) received
2025/05/05 18:39:35 [notice] 1#1: signal 17 (SIGCHLD) received from 27
2025/05/05 18:39:35 [notice] 1#1: worker process 27 exited with code 0
2025/05/05 18:39:35 [notice] 1#1: signal 29 (SIGIO) received
2025/05/05 18:39:35 [notice] 1#1: signal 17 (SIGCHLD) received from 24
2025/05/05 18:39:35 [notice] 1#1: worker process 24 exited with code 0
2025/05/05 18:39:35 [notice] 1#1: worker process 20 exited with code 0
2025/05/05 18:39:35 [notice] 1#1: signal 29 (SIGIO) received
2025/05/05 18:39:35 [notice] 1#1: signal 17 (SIGCHLD) received from 20
2025/05/05 18:39:35 [notice] 1#1: signal 17 (SIGCHLD) received from 26
2025/05/05 18:39:35 [notice] 1#1: worker process 26 exited with code 0
2025/05/05 18:39:35 [notice] 1#1: exit
2025/05/05 18:39:43 [notice] 1#1: using the "epoll" event method
2025/05/05 18:39:43 [notice] 1#1: nginx/1.27.5
2025/05/05 18:39:43 [notice] 1#1: built by gcc 14.2.0 (Alpine 14.2.0) 
2025/05/05 18:39:43 [notice] 1#1: OS: Linux 5.15.167.4-microsoft-standard-WSL2
2025/05/05 18:39:43 [notice] 1#1: getrlimit(RLIMIT_NOFILE): 1048576:1048576
2025/05/05 18:39:43 [notice] 1#1: start worker processes
2025/05/05 18:39:43 [notice] 1#1: start worker process 21
2025/05/05 18:39:43 [notice] 1#1: start worker process 22
2025/05/05 18:39:43 [notice] 1#1: start worker process 23
2025/05/05 18:39:43 [notice] 1#1: start worker process 24
2025/05/05 18:39:43 [notice] 1#1: start worker process 25
2025/05/05 18:39:43 [notice] 1#1: start worker process 26
2025/05/05 18:39:43 [notice] 1#1: start worker process 27
2025/05/05 18:39:43 [notice] 1#1: start worker process 28
2025/05/05 18:44:43 [error] 21#21: *1 directory index of "/var/www/" is forbidden, client: 172.18.0.1, server: localhost, request: "GET / HTTP/1.1", host: "localhost:580"
2025/05/05 18:44:44 [error] 21#21: *1 directory index of "/var/www/" is forbidden, client: 172.18.0.1, server: localhost, request: "GET / HTTP/1.1", host: "localhost:580"
2025/05/05 18:46:31 [notice] 1#1: signal 3 (SIGQUIT) received, shutting down
2025/05/05 18:46:31 [notice] 21#21: gracefully shutting down
2025/05/05 18:46:31 [notice] 23#23: gracefully shutting down
2025/05/05 18:46:31 [notice] 22#22: gracefully shutting down
2025/05/05 18:46:31 [notice] 27#27: gracefully shutting down
2025/05/05 18:46:31 [notice] 23#23: exiting
2025/05/05 18:46:31 [notice] 21#21: exiting
2025/05/05 18:46:31 [notice] 22#22: exiting
2025/05/05 18:46:31 [notice] 23#23: exit
2025/05/05 18:46:31 [notice] 21#21: exit
2025/05/05 18:46:31 [notice] 22#22: exit
2025/05/05 18:46:31 [notice] 27#27: exiting
2025/05/05 18:46:31 [notice] 27#27: exit
2025/05/05 18:46:31 [notice] 24#24: gracefully shutting down
2025/05/05 18:46:31 [notice] 25#25: gracefully shutting down
2025/05/05 18:46:31 [notice] 24#24: exiting
2025/05/05 18:46:31 [notice] 24#24: exit
2025/05/05 18:46:31 [notice] 25#25: exiting
2025/05/05 18:46:31 [notice] 25#25: exit
2025/05/05 18:46:31 [notice] 28#28: gracefully shutting down
2025/05/05 18:46:31 [notice] 28#28: exiting
2025/05/05 18:46:31 [notice] 28#28: exit
2025/05/05 18:46:31 [notice] 26#26: gracefully shutting down
2025/05/05 18:46:31 [notice] 26#26: exiting
2025/05/05 18:46:31 [notice] 26#26: exit
2025/05/05 18:46:31 [notice] 1#1: signal 17 (SIGCHLD) received from 23
2025/05/05 18:46:31 [notice] 1#1: worker process 23 exited with code 0
2025/05/05 18:46:31 [notice] 1#1: signal 29 (SIGIO) received
2025/05/05 18:46:31 [notice] 1#1: signal 17 (SIGCHLD) received from 24
2025/05/05 18:46:31 [notice] 1#1: worker process 24 exited with code 0
2025/05/05 18:46:31 [notice] 1#1: signal 29 (SIGIO) received
2025/05/05 18:46:31 [notice] 1#1: signal 17 (SIGCHLD) received from 27
2025/05/05 18:46:31 [notice] 1#1: worker process 27 exited with code 0
2025/05/05 18:46:31 [notice] 1#1: signal 29 (SIGIO) received
2025/05/05 18:46:31 [notice] 1#1: signal 17 (SIGCHLD) received from 25
2025/05/05 18:46:31 [notice] 1#1: worker process 25 exited with code 0
2025/05/05 18:46:31 [notice] 1#1: worker process 26 exited with code 0
2025/05/05 18:46:31 [notice] 1#1: worker process 28 exited with code 0
2025/05/05 18:46:31 [notice] 1#1: signal 29 (SIGIO) received
2025/05/05 18:46:31 [notice] 1#1: signal 17 (SIGCHLD) received from 26
2025/05/05 18:46:31 [notice] 1#1: signal 17 (SIGCHLD) received from 22
2025/05/05 18:46:31 [notice] 1#1: worker process 22 exited with code 0
2025/05/05 18:46:31 [notice] 1#1: signal 29 (SIGIO) received
2025/05/05 18:46:31 [notice] 1#1: signal 17 (SIGCHLD) received from 21
2025/05/05 18:46:31 [notice] 1#1: worker process 21 exited with code 0
2025/05/05 18:46:31 [notice] 1#1: exit
2025/05/05 18:46:37 [notice] 1#1: using the "epoll" event method
2025/05/05 18:46:37 [notice] 1#1: nginx/1.27.5
2025/05/05 18:46:37 [notice] 1#1: built by gcc 14.2.0 (Alpine 14.2.0) 
2025/05/05 18:46:37 [notice] 1#1: OS: Linux 5.15.167.4-microsoft-standard-WSL2
2025/05/05 18:46:37 [notice] 1#1: getrlimit(RLIMIT_NOFILE): 1048576:1048576
2025/05/05 18:46:37 [notice] 1#1: start worker processes
2025/05/05 18:46:37 [notice] 1#1: start worker process 20
2025/05/05 18:46:37 [notice] 1#1: start worker process 21
2025/05/05 18:46:37 [notice] 1#1: start worker process 22
2025/05/05 18:46:37 [notice] 1#1: start worker process 23
2025/05/05 18:46:37 [notice] 1#1: start worker process 24
2025/05/05 18:46:37 [notice] 1#1: start worker process 25
2025/05/05 18:46:37 [notice] 1#1: start worker process 26
2025/05/05 18:46:37 [notice] 1#1: start worker process 27
2025/05/05 18:48:18 [notice] 1#1: signal 3 (SIGQUIT) received, shutting down
2025/05/05 18:48:18 [notice] 20#20: gracefully shutting down
2025/05/05 18:48:18 [notice] 20#20: exiting
2025/05/05 18:48:18 [notice] 20#20: exit
2025/05/05 18:48:18 [notice] 24#24: gracefully shutting down
2025/05/05 18:48:18 [notice] 21#21: gracefully shutting down
2025/05/05 18:48:18 [notice] 23#23: gracefully shutting down
2025/05/05 18:48:18 [notice] 22#22: gracefully shutting down
2025/05/05 18:48:18 [notice] 24#24: exiting
2025/05/05 18:48:18 [notice] 23#23: exiting
2025/05/05 18:48:18 [notice] 21#21: exiting
2025/05/05 18:48:18 [notice] 22#22: exiting
2025/05/05 18:48:18 [notice] 24#24: exit
2025/05/05 18:48:18 [notice] 23#23: exit
2025/05/05 18:48:18 [notice] 22#22: exit
2025/05/05 18:48:18 [notice] 21#21: exit
2025/05/05 18:48:18 [notice] 26#26: gracefully shutting down
2025/05/05 18:48:18 [notice] 25#25: gracefully shutting down
2025/05/05 18:48:18 [notice] 27#27: gracefully shutting down
2025/05/05 18:48:18 [notice] 26#26: exiting
2025/05/05 18:48:18 [notice] 27#27: exiting
2025/05/05 18:48:18 [notice] 25#25: exiting
2025/05/05 18:48:18 [notice] 27#27: exit
2025/05/05 18:48:18 [notice] 26#26: exit
2025/05/05 18:48:18 [notice] 25#25: exit
2025/05/05 18:48:18 [notice] 1#1: signal 17 (SIGCHLD) received from 21
2025/05/05 18:48:18 [notice] 1#1: worker process 21 exited with code 0
2025/05/05 18:48:18 [notice] 1#1: signal 29 (SIGIO) received
2025/05/05 18:48:18 [notice] 1#1: signal 17 (SIGCHLD) received from 20
2025/05/05 18:48:18 [notice] 1#1: worker process 20 exited with code 0
2025/05/05 18:48:18 [notice] 1#1: worker process 23 exited with code 0
2025/05/05 18:48:18 [notice] 1#1: worker process 24 exited with code 0
2025/05/05 18:48:18 [notice] 1#1: worker process 27 exited with code 0
2025/05/05 18:48:18 [notice] 1#1: signal 29 (SIGIO) received
2025/05/05 18:48:18 [notice] 1#1: signal 17 (SIGCHLD) received from 27
2025/05/05 18:48:18 [notice] 1#1: signal 17 (SIGCHLD) received from 22
2025/05/05 18:48:18 [notice] 1#1: worker process 22 exited with code 0
2025/05/05 18:48:18 [notice] 1#1: worker process 25 exited with code 0
2025/05/05 18:48:18 [notice] 1#1: worker process 26 exited with code 0
2025/05/05 18:48:18 [notice] 1#1: exit
2025/05/05 18:48:24 [notice] 1#1: using the "epoll" event method
2025/05/05 18:48:24 [notice] 1#1: nginx/1.27.5
2025/05/05 18:48:24 [notice] 1#1: built by gcc 14.2.0 (Alpine 14.2.0) 
2025/05/05 18:48:24 [notice] 1#1: OS: Linux 5.15.167.4-microsoft-standard-WSL2
2025/05/05 18:48:24 [notice] 1#1: getrlimit(RLIMIT_NOFILE): 1048576:1048576
2025/05/05 18:48:24 [notice] 1#1: start worker processes
2025/05/05 18:48:24 [notice] 1#1: start worker process 20
2025/05/05 18:48:24 [notice] 1#1: start worker process 21
2025/05/05 18:48:24 [notice] 1#1: start worker process 22
2025/05/05 18:48:24 [notice] 1#1: start worker process 23
2025/05/05 18:48:24 [notice] 1#1: start worker process 24
2025/05/05 18:48:24 [notice] 1#1: start worker process 25
2025/05/05 18:48:24 [notice] 1#1: start worker process 26
2025/05/05 18:48:24 [notice] 1#1: start worker process 27
2025/05/05 18:52:45 [notice] 1#1: signal 3 (SIGQUIT) received, shutting down
2025/05/05 18:52:45 [notice] 20#20: gracefully shutting down
2025/05/05 18:52:45 [notice] 21#21: gracefully shutting down
2025/05/05 18:52:45 [notice] 23#23: gracefully shutting down
2025/05/05 18:52:45 [notice] 26#26: gracefully shutting down
2025/05/05 18:52:45 [notice] 24#24: gracefully shutting down
2025/05/05 18:52:45 [notice] 25#25: gracefully shutting down
2025/05/05 18:52:45 [notice] 20#20: exiting
2025/05/05 18:52:45 [notice] 26#26: exiting
2025/05/05 18:52:45 [notice] 21#21: exiting
2025/05/05 18:52:45 [notice] 25#25: exiting
2025/05/05 18:52:45 [notice] 20#20: exit
2025/05/05 18:52:45 [notice] 21#21: exit
2025/05/05 18:52:45 [notice] 26#26: exit
2025/05/05 18:52:45 [notice] 25#25: exit
2025/05/05 18:52:45 [notice] 23#23: exiting
2025/05/05 18:52:45 [notice] 24#24: exiting
2025/05/05 18:52:45 [notice] 23#23: exit
2025/05/05 18:52:45 [notice] 24#24: exit
2025/05/05 18:52:45 [notice] 27#27: gracefully shutting down
2025/05/05 18:52:45 [notice] 27#27: exiting
2025/05/05 18:52:45 [notice] 27#27: exit
2025/05/05 18:52:45 [notice] 22#22: gracefully shutting down
2025/05/05 18:52:45 [notice] 22#22: exiting
2025/05/05 18:52:45 [notice] 22#22: exit
2025/05/05 18:52:45 [notice] 1#1: signal 17 (SIGCHLD) received from 20
2025/05/05 18:52:45 [notice] 1#1: worker process 20 exited with code 0
2025/05/05 18:52:45 [notice] 1#1: signal 29 (SIGIO) received
2025/05/05 18:52:45 [notice] 1#1: signal 17 (SIGCHLD) received from 21
2025/05/05 18:52:45 [notice] 1#1: worker process 21 exited with code 0
2025/05/05 18:52:45 [notice] 1#1: worker process 22 exited with code 0
2025/05/05 18:52:45 [notice] 1#1: worker process 25 exited with code 0
2025/05/05 18:52:45 [notice] 1#1: signal 29 (SIGIO) received
2025/05/05 18:52:45 [notice] 1#1: signal 17 (SIGCHLD) received from 27
2025/05/05 18:52:45 [notice] 1#1: worker process 24 exited with code 0
2025/05/05 18:52:45 [notice] 1#1: worker process 27 exited with code 0
2025/05/05 18:52:45 [notice] 1#1: signal 29 (SIGIO) received
2025/05/05 18:52:45 [notice] 1#1: signal 17 (SIGCHLD) received from 23
2025/05/05 18:52:45 [notice] 1#1: worker process 23 exited with code 0
2025/05/05 18:52:45 [notice] 1#1: signal 29 (SIGIO) received
2025/05/05 18:52:45 [notice] 1#1: signal 17 (SIGCHLD) received from 26
2025/05/05 18:52:45 [notice] 1#1: worker process 26 exited with code 0
2025/05/05 18:52:45 [notice] 1#1: exit
2025/05/05 18:52:49 [notice] 1#1: using the "epoll" event method
2025/05/05 18:52:49 [notice] 1#1: nginx/1.27.5
2025/05/05 18:52:49 [notice] 1#1: built by gcc 14.2.0 (Alpine 14.2.0) 
2025/05/05 18:52:49 [notice] 1#1: OS: Linux 5.15.167.4-microsoft-standard-WSL2
2025/05/05 18:52:49 [notice] 1#1: getrlimit(RLIMIT_NOFILE): 1048576:1048576
2025/05/05 18:52:49 [notice] 1#1: start worker processes
2025/05/05 18:52:49 [notice] 1#1: start worker process 20
2025/05/05 18:52:49 [notice] 1#1: start worker process 21
2025/05/05 18:52:49 [notice] 1#1: start worker process 22
2025/05/05 18:52:49 [notice] 1#1: start worker process 23
2025/05/05 18:52:49 [notice] 1#1: start worker process 24
2025/05/05 18:52:49 [notice] 1#1: start worker process 25
2025/05/05 18:52:49 [notice] 1#1: start worker process 26
2025/05/05 18:52:49 [notice] 1#1: start worker process 27
2025/05/05 18:56:59 [notice] 1#1: signal 3 (SIGQUIT) received, shutting down
2025/05/05 18:56:59 [notice] 20#20: gracefully shutting down
2025/05/05 18:56:59 [notice] 24#24: gracefully shutting down
2025/05/05 18:56:59 [notice] 20#20: exiting
2025/05/05 18:56:59 [notice] 22#22: gracefully shutting down
2025/05/05 18:56:59 [notice] 27#27: gracefully shutting down
2025/05/05 18:56:59 [notice] 24#24: exiting
2025/05/05 18:56:59 [notice] 27#27: exiting
2025/05/05 18:56:59 [notice] 22#22: exiting
2025/05/05 18:56:59 [notice] 20#20: exit
2025/05/05 18:56:59 [notice] 22#22: exit
2025/05/05 18:56:59 [notice] 24#24: exit
2025/05/05 18:56:59 [notice] 27#27: exit
2025/05/05 18:56:59 [notice] 23#23: gracefully shutting down
2025/05/05 18:56:59 [notice] 23#23: exiting
2025/05/05 18:56:59 [notice] 23#23: exit
2025/05/05 18:56:59 [notice] 21#21: gracefully shutting down
2025/05/05 18:56:59 [notice] 21#21: exiting
2025/05/05 18:56:59 [notice] 21#21: exit
2025/05/05 18:56:59 [notice] 26#26: gracefully shutting down
2025/05/05 18:56:59 [notice] 25#25: gracefully shutting down
2025/05/05 18:56:59 [notice] 26#26: exiting
2025/05/05 18:56:59 [notice] 25#25: exiting
2025/05/05 18:56:59 [notice] 26#26: exit
2025/05/05 18:56:59 [notice] 25#25: exit
2025/05/05 18:56:59 [notice] 1#1: signal 17 (SIGCHLD) received from 27
2025/05/05 18:56:59 [notice] 1#1: worker process 20 exited with code 0
2025/05/05 18:56:59 [notice] 1#1: worker process 21 exited with code 0
2025/05/05 18:56:59 [notice] 1#1: worker process 27 exited with code 0
2025/05/05 18:56:59 [notice] 1#1: signal 29 (SIGIO) received
2025/05/05 18:56:59 [notice] 1#1: signal 17 (SIGCHLD) received from 21
2025/05/05 18:56:59 [notice] 1#1: signal 17 (SIGCHLD) received from 24
2025/05/05 18:56:59 [notice] 1#1: worker process 24 exited with code 0
2025/05/05 18:56:59 [notice] 1#1: signal 29 (SIGIO) received
2025/05/05 18:56:59 [notice] 1#1: signal 17 (SIGCHLD) received from 25
2025/05/05 18:56:59 [notice] 1#1: worker process 25 exited with code 0
2025/05/05 18:56:59 [notice] 1#1: signal 29 (SIGIO) received
2025/05/05 18:56:59 [notice] 1#1: signal 17 (SIGCHLD) received from 26
2025/05/05 18:56:59 [notice] 1#1: worker process 22 exited with code 0
2025/05/05 18:56:59 [notice] 1#1: worker process 23 exited with code 0
2025/05/05 18:56:59 [notice] 1#1: worker process 26 exited with code 0
2025/05/05 18:56:59 [notice] 1#1: exit
2025/05/05 18:57:05 [notice] 1#1: using the "epoll" event method
2025/05/05 18:57:05 [notice] 1#1: nginx/1.27.5
2025/05/05 18:57:05 [notice] 1#1: built by gcc 14.2.0 (Alpine 14.2.0) 
2025/05/05 18:57:05 [notice] 1#1: OS: Linux 5.15.167.4-microsoft-standard-WSL2
2025/05/05 18:57:05 [notice] 1#1: getrlimit(RLIMIT_NOFILE): 1048576:1048576
2025/05/05 18:57:05 [notice] 1#1: start worker processes
2025/05/05 18:57:05 [notice] 1#1: start worker process 20
2025/05/05 18:57:05 [notice] 1#1: start worker process 21
2025/05/05 18:57:05 [notice] 1#1: start worker process 22
2025/05/05 18:57:05 [notice] 1#1: start worker process 23
2025/05/05 18:57:05 [notice] 1#1: start worker process 24
2025/05/05 18:57:05 [notice] 1#1: start worker process 25
2025/05/05 18:57:05 [notice] 1#1: start worker process 26
2025/05/05 18:57:05 [notice] 1#1: start worker process 27
2025/05/05 18:58:13 [notice] 1#1: signal 3 (SIGQUIT) received, shutting down
2025/05/05 18:58:13 [notice] 23#23: gracefully shutting down
2025/05/05 18:58:13 [notice] 25#25: gracefully shutting down
2025/05/05 18:58:13 [notice] 27#27: gracefully shutting down
2025/05/05 18:58:13 [notice] 23#23: exiting
2025/05/05 18:58:13 [notice] 27#27: exiting
2025/05/05 18:58:13 [notice] 25#25: exiting
2025/05/05 18:58:13 [notice] 23#23: exit
2025/05/05 18:58:13 [notice] 27#27: exit
2025/05/05 18:58:13 [notice] 25#25: exit
2025/05/05 18:58:13 [notice] 22#22: gracefully shutting down
2025/05/05 18:58:13 [notice] 22#22: exiting
2025/05/05 18:58:13 [notice] 22#22: exit
2025/05/05 18:58:13 [notice] 20#20: gracefully shutting down
2025/05/05 18:58:13 [notice] 20#20: exiting
2025/05/05 18:58:13 [notice] 20#20: exit
2025/05/05 18:58:13 [notice] 21#21: gracefully shutting down
2025/05/05 18:58:13 [notice] 21#21: exiting
2025/05/05 18:58:13 [notice] 21#21: exit
2025/05/05 18:58:13 [notice] 24#24: gracefully shutting down
2025/05/05 18:58:13 [notice] 24#24: exiting
2025/05/05 18:58:13 [notice] 24#24: exit
2025/05/05 18:58:13 [notice] 26#26: gracefully shutting down
2025/05/05 18:58:13 [notice] 26#26: exiting
2025/05/05 18:58:13 [notice] 26#26: exit
2025/05/05 18:58:14 [notice] 1#1: signal 17 (SIGCHLD) received from 24
2025/05/05 18:58:14 [notice] 1#1: worker process 24 exited with code 0
2025/05/05 18:58:14 [notice] 1#1: signal 29 (SIGIO) received
2025/05/05 18:58:14 [notice] 1#1: signal 17 (SIGCHLD) received from 27
2025/05/05 18:58:14 [notice] 1#1: worker process 27 exited with code 0
2025/05/05 18:58:14 [notice] 1#1: signal 29 (SIGIO) received
2025/05/05 18:58:14 [notice] 1#1: signal 17 (SIGCHLD) received from 22
2025/05/05 18:58:14 [notice] 1#1: worker process 20 exited with code 0
2025/05/05 18:58:14 [notice] 1#1: worker process 21 exited with code 0
2025/05/05 18:58:14 [notice] 1#1: worker process 22 exited with code 0
2025/05/05 18:58:14 [notice] 1#1: worker process 25 exited with code 0
2025/05/05 18:58:14 [notice] 1#1: worker process 26 exited with code 0
2025/05/05 18:58:14 [notice] 1#1: signal 29 (SIGIO) received
2025/05/05 18:58:14 [notice] 1#1: signal 17 (SIGCHLD) received from 21
2025/05/05 18:58:14 [notice] 1#1: signal 17 (SIGCHLD) received from 23
2025/05/05 18:58:14 [notice] 1#1: worker process 23 exited with code 0
2025/05/05 18:58:14 [notice] 1#1: exit
2025/05/05 18:58:21 [notice] 1#1: using the "epoll" event method
2025/05/05 18:58:21 [notice] 1#1: nginx/1.27.5
2025/05/05 18:58:21 [notice] 1#1: built by gcc 14.2.0 (Alpine 14.2.0) 
2025/05/05 18:58:21 [notice] 1#1: OS: Linux 5.15.167.4-microsoft-standard-WSL2
2025/05/05 18:58:21 [notice] 1#1: getrlimit(RLIMIT_NOFILE): 1048576:1048576
2025/05/05 18:58:21 [notice] 1#1: start worker processes
2025/05/05 18:58:21 [notice] 1#1: start worker process 20
2025/05/05 18:58:21 [notice] 1#1: start worker process 21
2025/05/05 18:58:21 [notice] 1#1: start worker process 22
2025/05/05 18:58:21 [notice] 1#1: start worker process 23
2025/05/05 18:58:21 [notice] 1#1: start worker process 24
2025/05/05 18:58:21 [notice] 1#1: start worker process 25
2025/05/05 18:58:21 [notice] 1#1: start worker process 26
2025/05/05 18:58:21 [notice] 1#1: start worker process 27
2025/05/05 20:30:36 [notice] 1#1: signal 3 (SIGQUIT) received, shutting down
2025/05/05 20:30:36 [notice] 20#20: gracefully shutting down
2025/05/05 20:30:36 [notice] 22#22: gracefully shutting down
2025/05/05 20:30:36 [notice] 23#23: gracefully shutting down
2025/05/05 20:30:36 [notice] 23#23: exiting
2025/05/05 20:30:36 [notice] 22#22: exiting
2025/05/05 20:30:36 [notice] 20#20: exiting
2025/05/05 20:30:36 [notice] 22#22: exit
2025/05/05 20:30:36 [notice] 20#20: exit
2025/05/05 20:30:36 [notice] 23#23: exit
2025/05/05 20:30:36 [notice] 21#21: gracefully shutting down
2025/05/05 20:30:36 [notice] 26#26: gracefully shutting down
2025/05/05 20:30:36 [notice] 26#26: exiting
2025/05/05 20:30:36 [notice] 21#21: exiting
2025/05/05 20:30:36 [notice] 25#25: gracefully shutting down
2025/05/05 20:30:36 [notice] 21#21: exit
2025/05/05 20:30:36 [notice] 27#27: gracefully shutting down
2025/05/05 20:30:36 [notice] 25#25: exiting
2025/05/05 20:30:36 [notice] 27#27: exiting
2025/05/05 20:30:36 [notice] 25#25: exit
2025/05/05 20:30:36 [notice] 24#24: gracefully shutting down
2025/05/05 20:30:36 [notice] 24#24: exiting
2025/05/05 20:30:36 [notice] 27#27: exit
2025/05/05 20:30:36 [notice] 24#24: exit
2025/05/05 20:30:36 [notice] 26#26: exit
2025/05/05 20:30:36 [notice] 1#1: signal 17 (SIGCHLD) received from 24
2025/05/05 20:30:36 [notice] 1#1: worker process 24 exited with code 0
2025/05/05 20:30:36 [notice] 1#1: signal 29 (SIGIO) received
2025/05/05 20:30:36 [notice] 1#1: signal 17 (SIGCHLD) received from 22
2025/05/05 20:30:36 [notice] 1#1: worker process 22 exited with code 0
2025/05/05 20:30:36 [notice] 1#1: signal 29 (SIGIO) received
2025/05/05 20:30:36 [notice] 1#1: signal 17 (SIGCHLD) received from 20
2025/05/05 20:30:36 [notice] 1#1: worker process 20 exited with code 0
2025/05/05 20:30:36 [notice] 1#1: signal 29 (SIGIO) received
2025/05/05 20:30:36 [notice] 1#1: signal 17 (SIGCHLD) received from 27
2025/05/05 20:30:36 [notice] 1#1: worker process 27 exited with code 0
2025/05/05 20:30:36 [notice] 1#1: signal 29 (SIGIO) received
2025/05/05 20:30:36 [notice] 1#1: signal 17 (SIGCHLD) received from 23
2025/05/05 20:30:36 [notice] 1#1: worker process 23 exited with code 0
2025/05/05 20:30:36 [notice] 1#1: signal 29 (SIGIO) received
2025/05/05 20:30:36 [notice] 1#1: signal 17 (SIGCHLD) received from 26
2025/05/05 20:30:36 [notice] 1#1: worker process 26 exited with code 0
2025/05/05 20:30:36 [notice] 1#1: signal 29 (SIGIO) received
2025/05/05 20:30:36 [notice] 1#1: signal 17 (SIGCHLD) received from 21
2025/05/05 20:30:36 [notice] 1#1: worker process 21 exited with code 0
2025/05/05 20:30:36 [notice] 1#1: signal 29 (SIGIO) received
2025/05/05 20:30:36 [notice] 1#1: signal 17 (SIGCHLD) received from 25
2025/05/05 20:30:36 [notice] 1#1: worker process 25 exited with code 0
2025/05/05 20:30:36 [notice] 1#1: exit
2025/05/06 07:06:12 [notice] 1#1: using the "epoll" event method
2025/05/06 07:06:12 [notice] 1#1: nginx/1.27.5
2025/05/06 07:06:12 [notice] 1#1: built by gcc 14.2.0 (Alpine 14.2.0) 
2025/05/06 07:06:12 [notice] 1#1: OS: Linux 5.15.167.4-microsoft-standard-WSL2
2025/05/06 07:06:12 [notice] 1#1: getrlimit(RLIMIT_NOFILE): 1048576:1048576
2025/05/06 07:06:12 [notice] 1#1: start worker processes
2025/05/06 07:06:12 [notice] 1#1: start worker process 21
2025/05/06 07:06:12 [notice] 1#1: start worker process 22
2025/05/06 07:06:12 [notice] 1#1: start worker process 23
2025/05/06 07:06:12 [notice] 1#1: start worker process 24
2025/05/06 07:06:12 [notice] 1#1: start worker process 25
2025/05/06 07:06:12 [notice] 1#1: start worker process 26
2025/05/06 07:06:12 [notice] 1#1: start worker process 27
2025/05/06 07:06:12 [notice] 1#1: start worker process 28
2025/05/06 07:09:41 [notice] 1#1: using the "epoll" event method
2025/05/06 07:09:41 [notice] 1#1: nginx/1.27.5
2025/05/06 07:09:41 [notice] 1#1: built by gcc 14.2.0 (Alpine 14.2.0) 
2025/05/06 07:09:41 [notice] 1#1: OS: Linux 5.15.167.4-microsoft-standard-WSL2
2025/05/06 07:09:41 [notice] 1#1: getrlimit(RLIMIT_NOFILE): 1048576:1048576
2025/05/06 07:09:41 [notice] 1#1: start worker processes
2025/05/06 07:09:41 [notice] 1#1: start worker process 20
2025/05/06 07:09:41 [notice] 1#1: start worker process 21
2025/05/06 07:25:45 [notice] 1#1: signal 3 (SIGQUIT) received, shutting down
2025/05/06 07:25:45 [notice] 21#21: gracefully shutting down
2025/05/06 07:25:45 [notice] 21#21: exiting
2025/05/06 07:25:45 [notice] 21#21: exit
2025/05/06 07:25:45 [notice] 20#20: gracefully shutting down
2025/05/06 07:25:45 [notice] 20#20: exiting
2025/05/06 07:25:45 [notice] 20#20: exit
2025/05/06 07:25:45 [notice] 1#1: signal 17 (SIGCHLD) received from 20
2025/05/06 07:25:45 [notice] 1#1: worker process 20 exited with code 0
2025/05/06 07:25:45 [notice] 1#1: signal 29 (SIGIO) received
2025/05/06 07:25:45 [notice] 1#1: signal 17 (SIGCHLD) received from 21
2025/05/06 07:25:45 [notice] 1#1: worker process 21 exited with code 0
2025/05/06 07:25:45 [notice] 1#1: exit
2025/05/06 07:25:50 [notice] 1#1: using the "epoll" event method
2025/05/06 07:25:50 [notice] 1#1: nginx/1.27.5
2025/05/06 07:25:50 [notice] 1#1: built by gcc 14.2.0 (Alpine 14.2.0) 
2025/05/06 07:25:50 [notice] 1#1: OS: Linux 5.15.167.4-microsoft-standard-WSL2
2025/05/06 07:25:50 [notice] 1#1: getrlimit(RLIMIT_NOFILE): 1048576:1048576
2025/05/06 07:25:50 [notice] 1#1: start worker processes
2025/05/06 07:25:50 [notice] 1#1: start worker process 19
2025/05/06 07:25:50 [notice] 1#1: start worker process 20
2025/05/06 09:39:01 [notice] 1#1: signal 3 (SIGQUIT) received, shutting down
2025/05/06 09:39:01 [notice] 19#19: gracefully shutting down
2025/05/06 09:39:01 [notice] 20#20: gracefully shutting down
2025/05/06 09:39:01 [notice] 19#19: exiting
2025/05/06 09:39:01 [notice] 20#20: exiting
2025/05/06 09:39:01 [notice] 19#19: exit
2025/05/06 09:39:01 [notice] 20#20: exit
2025/05/06 09:39:01 [notice] 1#1: signal 17 (SIGCHLD) received from 20
2025/05/06 09:39:01 [notice] 1#1: worker process 20 exited with code 0
2025/05/06 09:39:01 [notice] 1#1: worker process 19 exited with code 0
2025/05/06 09:39:01 [notice] 1#1: exit
2025/05/06 09:40:58 [notice] 1#1: using the "epoll" event method
2025/05/06 09:40:58 [notice] 1#1: nginx/1.27.5
2025/05/06 09:40:58 [notice] 1#1: built by gcc 14.2.0 (Alpine 14.2.0) 
2025/05/06 09:40:58 [notice] 1#1: OS: Linux 5.15.167.4-microsoft-standard-WSL2
2025/05/06 09:40:58 [notice] 1#1: getrlimit(RLIMIT_NOFILE): 1048576:1048576
2025/05/06 09:40:58 [notice] 1#1: start worker processes
2025/05/06 09:40:58 [notice] 1#1: start worker process 20
2025/05/06 09:40:58 [notice] 1#1: start worker process 21
2025/05/06 09:41:04 [notice] 1#1: signal 3 (SIGQUIT) received, shutting down
2025/05/06 09:41:04 [notice] 20#20: gracefully shutting down
2025/05/06 09:41:04 [notice] 20#20: exiting
2025/05/06 09:41:04 [notice] 21#21: gracefully shutting down
2025/05/06 09:41:04 [notice] 21#21: exiting
2025/05/06 09:41:04 [notice] 21#21: exit
2025/05/06 09:41:04 [notice] 20#20: exit
2025/05/06 09:41:04 [notice] 1#1: signal 17 (SIGCHLD) received from 21
2025/05/06 09:41:04 [notice] 1#1: worker process 21 exited with code 0
2025/05/06 09:41:04 [notice] 1#1: signal 29 (SIGIO) received
2025/05/06 09:41:04 [notice] 1#1: signal 17 (SIGCHLD) received from 20
2025/05/06 09:41:04 [notice] 1#1: worker process 20 exited with code 0
2025/05/06 09:41:04 [notice] 1#1: exit
2025/05/06 10:59:06 [notice] 1#1: using the "epoll" event method
2025/05/06 10:59:06 [notice] 1#1: nginx/1.27.5
2025/05/06 10:59:06 [notice] 1#1: built by gcc 14.2.0 (Alpine 14.2.0) 
2025/05/06 10:59:06 [notice] 1#1: OS: Linux 5.15.167.4-microsoft-standard-WSL2
2025/05/06 10:59:06 [notice] 1#1: getrlimit(RLIMIT_NOFILE): 1048576:1048576
2025/05/06 10:59:06 [notice] 1#1: start worker processes
2025/05/06 10:59:06 [notice] 1#1: start worker process 19
2025/05/06 10:59:06 [notice] 1#1: start worker process 20
2025/05/06 18:31:25 [notice] 1#1: signal 3 (SIGQUIT) received, shutting down
2025/05/06 18:31:25 [notice] 19#19: gracefully shutting down
2025/05/06 18:31:25 [notice] 20#20: gracefully shutting down
2025/05/06 18:31:25 [notice] 19#19: exiting
2025/05/06 18:31:25 [notice] 20#20: exiting
2025/05/06 18:31:25 [notice] 19#19: exit
2025/05/06 18:31:25 [notice] 20#20: exit
2025/05/06 18:31:25 [notice] 1#1: signal 17 (SIGCHLD) received from 19
2025/05/06 18:31:25 [notice] 1#1: worker process 19 exited with code 0
2025/05/06 18:31:25 [notice] 1#1: signal 29 (SIGIO) received
2025/05/06 18:31:25 [notice] 1#1: signal 17 (SIGCHLD) received from 20
2025/05/06 18:31:25 [notice] 1#1: worker process 20 exited with code 0
2025/05/06 18:31:25 [notice] 1#1: exit
2025/05/06 18:31:29 [notice] 1#1: using the "epoll" event method
2025/05/06 18:31:29 [notice] 1#1: nginx/1.27.5
2025/05/06 18:31:29 [notice] 1#1: built by gcc 14.2.0 (Alpine 14.2.0) 
2025/05/06 18:31:29 [notice] 1#1: OS: Linux 5.15.167.4-microsoft-standard-WSL2
2025/05/06 18:31:29 [notice] 1#1: getrlimit(RLIMIT_NOFILE): 1048576:1048576
2025/05/06 18:31:29 [notice] 1#1: start worker processes
2025/05/06 18:31:29 [notice] 1#1: start worker process 20
2025/05/06 18:31:29 [notice] 1#1: start worker process 21
2025/05/06 21:05:43 [notice] 1#1: signal 3 (SIGQUIT) received, shutting down
2025/05/06 21:05:43 [notice] 21#21: gracefully shutting down
2025/05/06 21:05:43 [notice] 20#20: gracefully shutting down
2025/05/06 21:05:43 [notice] 20#20: exiting
2025/05/06 21:05:43 [notice] 21#21: exiting
2025/05/06 21:05:43 [notice] 20#20: exit
2025/05/06 21:05:43 [notice] 21#21: exit
2025/05/06 21:05:43 [notice] 1#1: signal 17 (SIGCHLD) received from 21
2025/05/06 21:05:43 [notice] 1#1: worker process 21 exited with code 0
2025/05/06 21:05:43 [notice] 1#1: signal 29 (SIGIO) received
2025/05/06 21:05:43 [notice] 1#1: signal 17 (SIGCHLD) received from 20
2025/05/06 21:05:43 [notice] 1#1: worker process 20 exited with code 0
2025/05/06 21:05:43 [notice] 1#1: exit
2025/05/06 21:05:57 [notice] 1#1: using the "epoll" event method
2025/05/06 21:05:57 [notice] 1#1: nginx/1.27.5
2025/05/06 21:05:57 [notice] 1#1: built by gcc 14.2.0 (Alpine 14.2.0) 
2025/05/06 21:05:57 [notice] 1#1: OS: Linux 5.15.167.4-microsoft-standard-WSL2
2025/05/06 21:05:57 [notice] 1#1: getrlimit(RLIMIT_NOFILE): 1048576:1048576
2025/05/06 21:05:57 [notice] 1#1: start worker processes
2025/05/06 21:05:57 [notice] 1#1: start worker process 20
2025/05/06 21:05:57 [notice] 1#1: start worker process 21
2025/05/07 09:22:26 [notice] 1#1: signal 3 (SIGQUIT) received, shutting down
2025/05/07 09:22:26 [notice] 21#21: gracefully shutting down
2025/05/07 09:22:26 [notice] 21#21: exiting
2025/05/07 09:22:26 [notice] 20#20: gracefully shutting down
2025/05/07 09:22:26 [notice] 21#21: exit
2025/05/07 09:22:26 [notice] 20#20: exiting
2025/05/07 09:22:26 [notice] 20#20: exit
2025/05/07 09:22:26 [notice] 1#1: signal 17 (SIGCHLD) received from 21
2025/05/07 09:22:26 [notice] 1#1: worker process 21 exited with code 0
2025/05/07 09:22:26 [notice] 1#1: signal 29 (SIGIO) received
2025/05/07 09:22:26 [notice] 1#1: signal 17 (SIGCHLD) received from 20
2025/05/07 09:22:26 [notice] 1#1: worker process 20 exited with code 0
2025/05/07 09:22:26 [notice] 1#1: exit
2025/05/07 09:22:34 [notice] 1#1: using the "epoll" event method
2025/05/07 09:22:34 [notice] 1#1: nginx/1.27.5
2025/05/07 09:22:34 [notice] 1#1: built by gcc 14.2.0 (Alpine 14.2.0) 
2025/05/07 09:22:34 [notice] 1#1: OS: Linux 5.15.167.4-microsoft-standard-WSL2
2025/05/07 09:22:34 [notice] 1#1: getrlimit(RLIMIT_NOFILE): 1048576:1048576
2025/05/07 09:22:34 [notice] 1#1: start worker processes
2025/05/07 09:22:34 [notice] 1#1: start worker process 19
2025/05/07 09:22:34 [notice] 1#1: start worker process 20
2025/05/08 12:38:01 [notice] 1#1: signal 3 (SIGQUIT) received, shutting down
2025/05/08 12:38:01 [notice] 20#20: gracefully shutting down
2025/05/08 12:38:01 [notice] 19#19: gracefully shutting down
2025/05/08 12:38:01 [notice] 20#20: exiting
2025/05/08 12:38:01 [notice] 19#19: exiting
2025/05/08 12:38:01 [notice] 19#19: exit
2025/05/08 12:38:01 [notice] 20#20: exit
2025/05/08 12:38:01 [notice] 1#1: signal 17 (SIGCHLD) received from 19
2025/05/08 12:38:01 [notice] 1#1: worker process 19 exited with code 0
2025/05/08 12:38:01 [notice] 1#1: worker process 20 exited with code 0
2025/05/08 12:38:01 [notice] 1#1: exit
2025/05/15 09:44:17 [notice] 1#1: using the "epoll" event method
2025/05/15 09:44:17 [notice] 1#1: nginx/1.27.5
2025/05/15 09:44:17 [notice] 1#1: built by gcc 14.2.0 (Alpine 14.2.0) 
2025/05/15 09:44:17 [notice] 1#1: OS: Linux 5.15.167.4-microsoft-standard-WSL2
2025/05/15 09:44:17 [notice] 1#1: getrlimit(RLIMIT_NOFILE): 1048576:1048576
2025/05/15 09:44:17 [notice] 1#1: start worker processes
2025/05/15 09:44:17 [notice] 1#1: start worker process 19
2025/05/15 09:44:17 [notice] 1#1: start worker process 20
2025/05/15 09:44:17 [notice] 1#1: start worker process 21
2025/05/15 09:45:35 [notice] 1#1: signal 3 (SIGQUIT) received, shutting down
2025/05/15 09:45:35 [notice] 19#19: gracefully shutting down
2025/05/15 09:45:35 [notice] 20#20: gracefully shutting down
2025/05/15 09:45:35 [notice] 19#19: exiting
2025/05/15 09:45:35 [notice] 20#20: exiting
2025/05/15 09:45:35 [notice] 20#20: exit
2025/05/15 09:45:35 [notice] 19#19: exit
2025/05/15 09:45:35 [notice] 21#21: gracefully shutting down
2025/05/15 09:45:35 [notice] 21#21: exiting
2025/05/15 09:45:35 [notice] 21#21: exit
2025/05/15 09:45:35 [notice] 1#1: signal 17 (SIGCHLD) received from 19
2025/05/15 09:45:35 [notice] 1#1: worker process 19 exited with code 0
2025/05/15 09:45:35 [notice] 1#1: signal 29 (SIGIO) received
2025/05/15 09:45:35 [notice] 1#1: signal 17 (SIGCHLD) received from 20
2025/05/15 09:45:35 [notice] 1#1: worker process 20 exited with code 0
2025/05/15 09:45:35 [notice] 1#1: signal 29 (SIGIO) received
2025/05/15 09:45:35 [notice] 1#1: signal 17 (SIGCHLD) received from 21
2025/05/15 09:45:35 [notice] 1#1: worker process 21 exited with code 0
2025/05/15 09:45:35 [notice] 1#1: exit
2025/05/15 09:48:14 [notice] 1#1: using the "epoll" event method
2025/05/15 09:48:14 [notice] 1#1: nginx/1.27.5
2025/05/15 09:48:14 [notice] 1#1: built by gcc 14.2.0 (Alpine 14.2.0) 
2025/05/15 09:48:14 [notice] 1#1: OS: Linux 5.15.167.4-microsoft-standard-WSL2
2025/05/15 09:48:14 [notice] 1#1: getrlimit(RLIMIT_NOFILE): 1048576:1048576
2025/05/15 09:48:14 [notice] 1#1: start worker processes
2025/05/15 09:48:14 [notice] 1#1: start worker process 21
2025/05/15 09:48:14 [notice] 1#1: start worker process 22
2025/05/15 09:48:14 [notice] 1#1: start worker process 23
2025/05/15 10:03:58 [notice] 1#1: signal 3 (SIGQUIT) received, shutting down
2025/05/15 10:03:58 [notice] 23#23: gracefully shutting down
2025/05/15 10:03:58 [notice] 23#23: exiting
2025/05/15 10:03:58 [notice] 22#22: gracefully shutting down
2025/05/15 10:03:58 [notice] 22#22: exiting
2025/05/15 10:03:58 [notice] 22#22: exit
2025/05/15 10:03:58 [notice] 21#21: gracefully shutting down
2025/05/15 10:03:58 [notice] 21#21: exiting
2025/05/15 10:03:58 [notice] 21#21: exit
2025/05/15 10:03:58 [notice] 23#23: exit
2025/05/15 10:03:58 [notice] 1#1: signal 17 (SIGCHLD) received from 22
2025/05/15 10:03:58 [notice] 1#1: worker process 22 exited with code 0
2025/05/15 10:03:58 [notice] 1#1: signal 29 (SIGIO) received
2025/05/15 10:03:58 [notice] 1#1: signal 17 (SIGCHLD) received from 23
2025/05/15 10:03:58 [notice] 1#1: worker process 23 exited with code 0
2025/05/15 10:03:58 [notice] 1#1: signal 29 (SIGIO) received
2025/05/15 10:03:58 [notice] 1#1: signal 17 (SIGCHLD) received from 21
2025/05/15 10:03:58 [notice] 1#1: worker process 21 exited with code 0
2025/05/15 10:03:58 [notice] 1#1: exit
2025/05/15 10:04:16 [notice] 1#1: using the "epoll" event method
2025/05/15 10:04:16 [notice] 1#1: nginx/1.27.5
2025/05/15 10:04:16 [notice] 1#1: built by gcc 14.2.0 (Alpine 14.2.0) 
2025/05/15 10:04:16 [notice] 1#1: OS: Linux 5.15.167.4-microsoft-standard-WSL2
2025/05/15 10:04:16 [notice] 1#1: getrlimit(RLIMIT_NOFILE): 1048576:1048576
2025/05/15 10:04:16 [notice] 1#1: start worker processes
2025/05/15 10:04:16 [notice] 1#1: start worker process 20
2025/05/15 10:04:16 [notice] 1#1: start worker process 21
2025/05/15 10:04:16 [notice] 1#1: start worker process 22
2025/05/15 10:05:30 [notice] 1#1: signal 3 (SIGQUIT) received, shutting down
2025/05/15 10:05:30 [notice] 22#22: gracefully shutting down
2025/05/15 10:05:30 [notice] 22#22: exiting
2025/05/15 10:05:30 [notice] 22#22: exit
2025/05/15 10:05:30 [notice] 21#21: gracefully shutting down
2025/05/15 10:05:30 [notice] 21#21: exiting
2025/05/15 10:05:30 [notice] 21#21: exit
2025/05/15 10:05:30 [notice] 20#20: gracefully shutting down
2025/05/15 10:05:30 [notice] 20#20: exiting
2025/05/15 10:05:30 [notice] 20#20: exit
2025/05/15 10:05:30 [notice] 1#1: signal 17 (SIGCHLD) received from 21
2025/05/15 10:05:30 [notice] 1#1: worker process 21 exited with code 0
2025/05/15 10:05:30 [notice] 1#1: worker process 22 exited with code 0
2025/05/15 10:05:30 [notice] 1#1: signal 29 (SIGIO) received
2025/05/15 10:05:30 [notice] 1#1: signal 17 (SIGCHLD) received from 20
2025/05/15 10:05:30 [notice] 1#1: worker process 20 exited with code 0
2025/05/15 10:05:30 [notice] 1#1: exit
2025/05/15 10:06:12 [notice] 1#1: using the "epoll" event method
2025/05/15 10:06:12 [notice] 1#1: nginx/1.27.5
2025/05/15 10:06:12 [notice] 1#1: built by gcc 14.2.0 (Alpine 14.2.0) 
2025/05/15 10:06:12 [notice] 1#1: OS: Linux 5.15.167.4-microsoft-standard-WSL2
2025/05/15 10:06:12 [notice] 1#1: getrlimit(RLIMIT_NOFILE): 1048576:1048576
2025/05/15 10:06:12 [notice] 1#1: start worker processes
2025/05/15 10:06:12 [notice] 1#1: start worker process 20
2025/05/15 10:06:12 [notice] 1#1: start worker process 21
2025/05/15 10:06:12 [notice] 1#1: start worker process 22
2025/05/15 10:08:05 [notice] 1#1: signal 3 (SIGQUIT) received, shutting down
2025/05/15 10:08:05 [notice] 20#20: gracefully shutting down
2025/05/15 10:08:05 [notice] 20#20: exiting
2025/05/15 10:08:05 [notice] 20#20: exit
2025/05/15 10:08:05 [notice] 22#22: gracefully shutting down
2025/05/15 10:08:05 [notice] 22#22: exiting
2025/05/15 10:08:05 [notice] 22#22: exit
2025/05/15 10:08:05 [notice] 21#21: gracefully shutting down
2025/05/15 10:08:05 [notice] 21#21: exiting
2025/05/15 10:08:05 [notice] 21#21: exit
2025/05/15 10:08:05 [notice] 1#1: signal 17 (SIGCHLD) received from 20
2025/05/15 10:08:05 [notice] 1#1: worker process 20 exited with code 0
2025/05/15 10:08:05 [notice] 1#1: worker process 22 exited with code 0
2025/05/15 10:08:05 [notice] 1#1: signal 29 (SIGIO) received
2025/05/15 10:08:05 [notice] 1#1: signal 17 (SIGCHLD) received from 22
2025/05/15 10:08:05 [notice] 1#1: signal 17 (SIGCHLD) received from 21
2025/05/15 10:08:05 [notice] 1#1: worker process 21 exited with code 0
2025/05/15 10:08:05 [notice] 1#1: exit
2025/05/15 10:08:41 [notice] 1#1: using the "epoll" event method
2025/05/15 10:08:41 [notice] 1#1: nginx/1.27.5
2025/05/15 10:08:41 [notice] 1#1: built by gcc 14.2.0 (Alpine 14.2.0) 
2025/05/15 10:08:41 [notice] 1#1: OS: Linux 5.15.167.4-microsoft-standard-WSL2
2025/05/15 10:08:41 [notice] 1#1: getrlimit(RLIMIT_NOFILE): 1048576:1048576
2025/05/15 10:08:41 [notice] 1#1: start worker processes
2025/05/15 10:08:41 [notice] 1#1: start worker process 20
2025/05/15 10:08:41 [notice] 1#1: start worker process 21
2025/05/15 10:08:41 [notice] 1#1: start worker process 22
2025/05/15 10:12:29 [notice] 1#1: signal 3 (SIGQUIT) received, shutting down
2025/05/15 10:12:29 [notice] 20#20: gracefully shutting down
2025/05/15 10:12:29 [notice] 22#22: gracefully shutting down
2025/05/15 10:12:29 [notice] 22#22: exiting
2025/05/15 10:12:29 [notice] 20#20: exiting
2025/05/15 10:12:29 [notice] 21#21: gracefully shutting down
2025/05/15 10:12:29 [notice] 21#21: exiting
2025/05/15 10:12:29 [notice] 22#22: exit
2025/05/15 10:12:29 [notice] 20#20: exit
2025/05/15 10:12:29 [notice] 21#21: exit
2025/05/15 10:12:29 [notice] 1#1: signal 17 (SIGCHLD) received from 22
2025/05/15 10:12:29 [notice] 1#1: worker process 22 exited with code 0
2025/05/15 10:12:29 [notice] 1#1: signal 29 (SIGIO) received
2025/05/15 10:12:29 [notice] 1#1: signal 17 (SIGCHLD) received from 21
2025/05/15 10:12:29 [notice] 1#1: worker process 21 exited with code 0
2025/05/15 10:12:29 [notice] 1#1: signal 29 (SIGIO) received
2025/05/15 10:12:29 [notice] 1#1: signal 17 (SIGCHLD) received from 20
2025/05/15 10:12:29 [notice] 1#1: worker process 20 exited with code 0
2025/05/15 10:12:29 [notice] 1#1: exit
2025/05/15 10:12:34 [notice] 1#1: using the "epoll" event method
2025/05/15 10:12:34 [notice] 1#1: nginx/1.27.5
2025/05/15 10:12:34 [notice] 1#1: built by gcc 14.2.0 (Alpine 14.2.0) 
2025/05/15 10:12:34 [notice] 1#1: OS: Linux 5.15.167.4-microsoft-standard-WSL2
2025/05/15 10:12:34 [notice] 1#1: getrlimit(RLIMIT_NOFILE): 1048576:1048576
2025/05/15 10:12:34 [notice] 1#1: start worker processes
2025/05/15 10:12:34 [notice] 1#1: start worker process 20
2025/05/15 10:12:34 [notice] 1#1: start worker process 21
2025/05/15 10:12:34 [notice] 1#1: start worker process 22
2025/05/15 10:16:37 [notice] 1#1: signal 3 (SIGQUIT) received, shutting down
2025/05/15 10:16:37 [notice] 20#20: gracefully shutting down
2025/05/15 10:16:37 [notice] 21#21: gracefully shutting down
2025/05/15 10:16:37 [notice] 20#20: exiting
2025/05/15 10:16:37 [notice] 21#21: exiting
2025/05/15 10:16:37 [notice] 22#22: gracefully shutting down
2025/05/15 10:16:37 [notice] 22#22: exiting
2025/05/15 10:16:37 [notice] 20#20: exit
2025/05/15 10:16:37 [notice] 21#21: exit
2025/05/15 10:16:37 [notice] 22#22: exit
2025/05/15 10:16:37 [notice] 1#1: signal 17 (SIGCHLD) received from 22
2025/05/15 10:16:37 [notice] 1#1: worker process 22 exited with code 0
2025/05/15 10:16:37 [notice] 1#1: signal 29 (SIGIO) received
2025/05/15 10:16:37 [notice] 1#1: signal 17 (SIGCHLD) received from 20
2025/05/15 10:16:37 [notice] 1#1: worker process 20 exited with code 0
2025/05/15 10:16:37 [notice] 1#1: signal 29 (SIGIO) received
2025/05/15 10:16:37 [notice] 1#1: signal 17 (SIGCHLD) received from 21
2025/05/15 10:16:37 [notice] 1#1: worker process 21 exited with code 0
2025/05/15 10:16:37 [notice] 1#1: exit
2025/05/15 10:17:22 [notice] 1#1: using the "epoll" event method
2025/05/15 10:17:22 [notice] 1#1: nginx/1.27.5
2025/05/15 10:17:22 [notice] 1#1: built by gcc 14.2.0 (Alpine 14.2.0) 
2025/05/15 10:17:22 [notice] 1#1: OS: Linux 5.15.167.4-microsoft-standard-WSL2
2025/05/15 10:17:22 [notice] 1#1: getrlimit(RLIMIT_NOFILE): 1048576:1048576
2025/05/15 10:17:22 [notice] 1#1: start worker processes
2025/05/15 10:17:22 [notice] 1#1: start worker process 21
2025/05/15 10:17:22 [notice] 1#1: start worker process 22
2025/05/15 10:17:22 [notice] 1#1: start worker process 23
2025/05/15 10:22:47 [notice] 1#1: signal 3 (SIGQUIT) received, shutting down
2025/05/15 10:22:47 [notice] 21#21: gracefully shutting down
2025/05/15 10:22:47 [notice] 23#23: gracefully shutting down
2025/05/15 10:22:47 [notice] 22#22: gracefully shutting down
2025/05/15 10:22:47 [notice] 21#21: exiting
2025/05/15 10:22:47 [notice] 23#23: exiting
2025/05/15 10:22:47 [notice] 22#22: exiting
2025/05/15 10:22:47 [notice] 21#21: exit
2025/05/15 10:22:47 [notice] 23#23: exit
2025/05/15 10:22:47 [notice] 22#22: exit
2025/05/15 10:22:47 [notice] 1#1: signal 17 (SIGCHLD) received from 23
2025/05/15 10:22:47 [notice] 1#1: worker process 23 exited with code 0
2025/05/15 10:22:47 [notice] 1#1: signal 29 (SIGIO) received
2025/05/15 10:22:47 [notice] 1#1: signal 17 (SIGCHLD) received from 21
2025/05/15 10:22:47 [notice] 1#1: worker process 21 exited with code 0
2025/05/15 10:22:47 [notice] 1#1: signal 29 (SIGIO) received
2025/05/15 10:22:47 [notice] 1#1: signal 17 (SIGCHLD) received from 22
2025/05/15 10:22:47 [notice] 1#1: worker process 22 exited with code 0
2025/05/15 10:22:47 [notice] 1#1: exit
2025/05/15 10:23:07 [notice] 1#1: using the "epoll" event method
2025/05/15 10:23:07 [notice] 1#1: nginx/1.27.5
2025/05/15 10:23:07 [notice] 1#1: built by gcc 14.2.0 (Alpine 14.2.0) 
2025/05/15 10:23:07 [notice] 1#1: OS: Linux 5.15.167.4-microsoft-standard-WSL2
2025/05/15 10:23:07 [notice] 1#1: getrlimit(RLIMIT_NOFILE): 1048576:1048576
2025/05/15 10:23:07 [notice] 1#1: start worker processes
2025/05/15 10:23:07 [notice] 1#1: start worker process 20
2025/05/15 10:23:07 [notice] 1#1: start worker process 21
2025/05/15 10:23:07 [notice] 1#1: start worker process 22
2025/05/15 10:26:18 [notice] 1#1: signal 3 (SIGQUIT) received, shutting down
2025/05/15 10:26:18 [notice] 22#22: gracefully shutting down
2025/05/15 10:26:18 [notice] 22#22: exiting
2025/05/15 10:26:18 [notice] 22#22: exit
2025/05/15 10:26:18 [notice] 20#20: gracefully shutting down
2025/05/15 10:26:18 [notice] 20#20: exiting
2025/05/15 10:26:18 [notice] 20#20: exit
2025/05/15 10:26:18 [notice] 21#21: gracefully shutting down
2025/05/15 10:26:18 [notice] 21#21: exiting
2025/05/15 10:26:18 [notice] 21#21: exit
2025/05/15 10:26:18 [notice] 1#1: signal 17 (SIGCHLD) received from 21
2025/05/15 10:26:18 [notice] 1#1: worker process 21 exited with code 0
2025/05/15 10:26:18 [notice] 1#1: signal 17 (SIGCHLD) received from 22
2025/05/15 10:26:18 [notice] 1#1: worker process 22 exited with code 0
2025/05/15 10:26:18 [notice] 1#1: signal 17 (SIGCHLD) received from 20
2025/05/15 10:26:18 [notice] 1#1: worker process 20 exited with code 0
2025/05/15 10:26:18 [notice] 1#1: exit
2025/05/15 10:26:24 [notice] 1#1: using the "epoll" event method
2025/05/15 10:26:24 [notice] 1#1: nginx/1.27.5
2025/05/15 10:26:24 [notice] 1#1: built by gcc 14.2.0 (Alpine 14.2.0) 
2025/05/15 10:26:24 [notice] 1#1: OS: Linux 5.15.167.4-microsoft-standard-WSL2
2025/05/15 10:26:24 [notice] 1#1: getrlimit(RLIMIT_NOFILE): 1048576:1048576
2025/05/15 10:26:24 [notice] 1#1: start worker processes
2025/05/15 10:26:24 [notice] 1#1: start worker process 20
2025/05/15 10:26:24 [notice] 1#1: start worker process 21
2025/05/15 10:26:24 [notice] 1#1: start worker process 22
2025/05/15 10:27:51 [notice] 1#1: signal 3 (SIGQUIT) received, shutting down
2025/05/15 10:27:51 [notice] 22#22: gracefully shutting down
2025/05/15 10:27:51 [notice] 20#20: gracefully shutting down
2025/05/15 10:27:51 [notice] 22#22: exiting
2025/05/15 10:27:51 [notice] 20#20: exiting
2025/05/15 10:27:51 [notice] 20#20: exit
2025/05/15 10:27:51 [notice] 22#22: exit
2025/05/15 10:27:51 [notice] 21#21: gracefully shutting down
2025/05/15 10:27:51 [notice] 21#21: exiting
2025/05/15 10:27:51 [notice] 21#21: exit
2025/05/15 10:27:51 [notice] 1#1: signal 17 (SIGCHLD) received from 22
2025/05/15 10:27:51 [notice] 1#1: worker process 22 exited with code 0
2025/05/15 10:27:51 [notice] 1#1: signal 29 (SIGIO) received
2025/05/15 10:27:51 [notice] 1#1: signal 17 (SIGCHLD) received from 21
2025/05/15 10:27:51 [notice] 1#1: worker process 21 exited with code 0
2025/05/15 10:27:51 [notice] 1#1: signal 29 (SIGIO) received
2025/05/15 10:27:51 [notice] 1#1: signal 17 (SIGCHLD) received from 20
2025/05/15 10:27:51 [notice] 1#1: worker process 20 exited with code 0
2025/05/15 10:27:51 [notice] 1#1: exit
2025/05/15 10:27:56 [notice] 1#1: using the "epoll" event method
2025/05/15 10:27:56 [notice] 1#1: nginx/1.27.5
2025/05/15 10:27:56 [notice] 1#1: built by gcc 14.2.0 (Alpine 14.2.0) 
2025/05/15 10:27:56 [notice] 1#1: OS: Linux 5.15.167.4-microsoft-standard-WSL2
2025/05/15 10:27:56 [notice] 1#1: getrlimit(RLIMIT_NOFILE): 1048576:1048576
2025/05/15 10:27:56 [notice] 1#1: start worker processes
2025/05/15 10:27:56 [notice] 1#1: start worker process 20
2025/05/15 10:27:56 [notice] 1#1: start worker process 21
2025/05/15 10:27:56 [notice] 1#1: start worker process 22
2025/05/15 10:34:16 [notice] 1#1: signal 3 (SIGQUIT) received, shutting down
2025/05/15 10:34:16 [notice] 22#22: gracefully shutting down
2025/05/15 10:34:16 [notice] 21#21: gracefully shutting down
2025/05/15 10:34:16 [notice] 22#22: exiting
2025/05/15 10:34:16 [notice] 21#21: exiting
2025/05/15 10:34:16 [notice] 22#22: exit
2025/05/15 10:34:16 [notice] 21#21: exit
2025/05/15 10:34:16 [notice] 20#20: gracefully shutting down
2025/05/15 10:34:16 [notice] 20#20: exiting
2025/05/15 10:34:16 [notice] 20#20: exit
2025/05/15 10:34:16 [notice] 1#1: signal 17 (SIGCHLD) received from 22
2025/05/15 10:34:16 [notice] 1#1: worker process 22 exited with code 0
2025/05/15 10:34:16 [notice] 1#1: signal 29 (SIGIO) received
2025/05/15 10:34:16 [notice] 1#1: signal 17 (SIGCHLD) received from 20
2025/05/15 10:34:16 [notice] 1#1: worker process 20 exited with code 0
2025/05/15 10:34:16 [notice] 1#1: worker process 21 exited with code 0
2025/05/15 10:34:16 [notice] 1#1: exit
2025/05/15 10:34:40 [notice] 1#1: using the "epoll" event method
2025/05/15 10:34:40 [notice] 1#1: nginx/1.27.5
2025/05/15 10:34:40 [notice] 1#1: built by gcc 14.2.0 (Alpine 14.2.0) 
2025/05/15 10:34:40 [notice] 1#1: OS: Linux 5.15.167.4-microsoft-standard-WSL2
2025/05/15 10:34:40 [notice] 1#1: getrlimit(RLIMIT_NOFILE): 1048576:1048576
2025/05/15 10:34:40 [notice] 1#1: start worker processes
2025/05/15 10:34:40 [notice] 1#1: start worker process 20
2025/05/15 10:34:40 [notice] 1#1: start worker process 21
2025/05/15 10:34:40 [notice] 1#1: start worker process 22
2025/05/15 10:41:05 [notice] 1#1: signal 3 (SIGQUIT) received, shutting down
2025/05/15 10:41:05 [notice] 21#21: gracefully shutting down
2025/05/15 10:41:05 [notice] 20#20: gracefully shutting down
2025/05/15 10:41:05 [notice] 21#21: exiting
2025/05/15 10:41:05 [notice] 20#20: exiting
2025/05/15 10:41:05 [notice] 22#22: gracefully shutting down
2025/05/15 10:41:05 [notice] 22#22: exiting
2025/05/15 10:41:05 [notice] 22#22: exit
2025/05/15 10:41:05 [notice] 21#21: exit
2025/05/15 10:41:05 [notice] 20#20: exit
2025/05/15 10:41:05 [notice] 1#1: signal 17 (SIGCHLD) received from 21
2025/05/15 10:41:05 [notice] 1#1: worker process 21 exited with code 0
2025/05/15 10:41:05 [notice] 1#1: signal 17 (SIGCHLD) received from 22
2025/05/15 10:41:05 [notice] 1#1: worker process 22 exited with code 0
2025/05/15 10:41:05 [notice] 1#1: signal 29 (SIGIO) received
2025/05/15 10:41:05 [notice] 1#1: signal 29 (SIGIO) received
2025/05/15 10:41:05 [notice] 1#1: signal 17 (SIGCHLD) received from 20
2025/05/15 10:41:05 [notice] 1#1: worker process 20 exited with code 0
2025/05/15 10:41:05 [notice] 1#1: exit
2025/05/15 10:41:12 [notice] 1#1: using the "epoll" event method
2025/05/15 10:41:12 [notice] 1#1: nginx/1.27.5
2025/05/15 10:41:12 [notice] 1#1: built by gcc 14.2.0 (Alpine 14.2.0) 
2025/05/15 10:41:12 [notice] 1#1: OS: Linux 5.15.167.4-microsoft-standard-WSL2
2025/05/15 10:41:12 [notice] 1#1: getrlimit(RLIMIT_NOFILE): 1048576:1048576
2025/05/15 10:41:12 [notice] 1#1: start worker processes
2025/05/15 10:41:12 [notice] 1#1: start worker process 20
2025/05/15 10:41:12 [notice] 1#1: start worker process 21
2025/05/15 10:41:12 [notice] 1#1: start worker process 22
2025/05/15 10:46:01 [notice] 1#1: signal 3 (SIGQUIT) received, shutting down
2025/05/15 10:46:01 [notice] 20#20: gracefully shutting down
2025/05/15 10:46:01 [notice] 21#21: gracefully shutting down
2025/05/15 10:46:01 [notice] 21#21: exiting
2025/05/15 10:46:01 [notice] 20#20: exiting
2025/05/15 10:46:01 [notice] 21#21: exit
2025/05/15 10:46:01 [notice] 20#20: exit
2025/05/15 10:46:01 [notice] 22#22: gracefully shutting down
2025/05/15 10:46:01 [notice] 22#22: exiting
2025/05/15 10:46:01 [notice] 22#22: exit
2025/05/15 10:46:01 [notice] 1#1: signal 17 (SIGCHLD) received from 22
2025/05/15 10:46:01 [notice] 1#1: worker process 22 exited with code 0
2025/05/15 10:46:01 [notice] 1#1: signal 29 (SIGIO) received
2025/05/15 10:46:01 [notice] 1#1: signal 17 (SIGCHLD) received from 21
2025/05/15 10:46:01 [notice] 1#1: worker process 21 exited with code 0
2025/05/15 10:46:01 [notice] 1#1: signal 29 (SIGIO) received
2025/05/15 10:46:01 [notice] 1#1: signal 17 (SIGCHLD) received from 20
2025/05/15 10:46:01 [notice] 1#1: worker process 20 exited with code 0
2025/05/15 10:46:01 [notice] 1#1: exit
2025/05/15 10:46:09 [notice] 1#1: using the "epoll" event method
2025/05/15 10:46:09 [notice] 1#1: nginx/1.27.5
2025/05/15 10:46:09 [notice] 1#1: built by gcc 14.2.0 (Alpine 14.2.0) 
2025/05/15 10:46:09 [notice] 1#1: OS: Linux 5.15.167.4-microsoft-standard-WSL2
2025/05/15 10:46:09 [notice] 1#1: getrlimit(RLIMIT_NOFILE): 1048576:1048576
2025/05/15 10:46:09 [notice] 1#1: start worker processes
2025/05/15 10:46:09 [notice] 1#1: start worker process 20
2025/05/15 10:46:09 [notice] 1#1: start worker process 21
2025/05/15 10:46:09 [notice] 1#1: start worker process 22
2025/05/15 10:49:00 [notice] 1#1: signal 3 (SIGQUIT) received, shutting down
2025/05/15 10:49:00 [notice] 21#21: gracefully shutting down
2025/05/15 10:49:00 [notice] 21#21: exiting
2025/05/15 10:49:00 [notice] 21#21: exit
2025/05/15 10:49:00 [notice] 22#22: gracefully shutting down
2025/05/15 10:49:00 [notice] 22#22: exiting
2025/05/15 10:49:00 [notice] 22#22: exit
2025/05/15 10:49:00 [notice] 20#20: gracefully shutting down
2025/05/15 10:49:00 [notice] 20#20: exiting
2025/05/15 10:49:00 [notice] 20#20: exit
2025/05/15 10:49:00 [notice] 1#1: signal 17 (SIGCHLD) received from 21
2025/05/15 10:49:00 [notice] 1#1: worker process 21 exited with code 0
2025/05/15 10:49:00 [notice] 1#1: signal 29 (SIGIO) received
2025/05/15 10:49:00 [notice] 1#1: signal 17 (SIGCHLD) received from 20
2025/05/15 10:49:00 [notice] 1#1: worker process 20 exited with code 0
2025/05/15 10:49:00 [notice] 1#1: signal 29 (SIGIO) received
2025/05/15 10:49:00 [notice] 1#1: signal 17 (SIGCHLD) received from 22
2025/05/15 10:49:00 [notice] 1#1: worker process 22 exited with code 0
2025/05/15 10:49:00 [notice] 1#1: exit
2025/05/15 10:49:07 [notice] 1#1: using the "epoll" event method
2025/05/15 10:49:07 [notice] 1#1: nginx/1.27.5
2025/05/15 10:49:07 [notice] 1#1: built by gcc 14.2.0 (Alpine 14.2.0) 
2025/05/15 10:49:07 [notice] 1#1: OS: Linux 5.15.167.4-microsoft-standard-WSL2
2025/05/15 10:49:07 [notice] 1#1: getrlimit(RLIMIT_NOFILE): 1048576:1048576
2025/05/15 10:49:07 [notice] 1#1: start worker processes
2025/05/15 10:49:07 [notice] 1#1: start worker process 19
2025/05/15 10:49:07 [notice] 1#1: start worker process 20
2025/05/15 10:49:07 [notice] 1#1: start worker process 21
2025/05/15 10:54:28 [notice] 1#1: signal 3 (SIGQUIT) received, shutting down
2025/05/15 10:54:28 [notice] 19#19: gracefully shutting down
2025/05/15 10:54:28 [notice] 20#20: gracefully shutting down
2025/05/15 10:54:28 [notice] 20#20: exiting
2025/05/15 10:54:28 [notice] 19#19: exiting
2025/05/15 10:54:28 [notice] 19#19: exit
2025/05/15 10:54:28 [notice] 20#20: exit
2025/05/15 10:54:28 [notice] 21#21: gracefully shutting down
2025/05/15 10:54:28 [notice] 21#21: exiting
2025/05/15 10:54:28 [notice] 21#21: exit
2025/05/15 10:54:28 [notice] 1#1: signal 17 (SIGCHLD) received from 21
2025/05/15 10:54:28 [notice] 1#1: worker process 21 exited with code 0
2025/05/15 10:54:28 [notice] 1#1: worker process 19 exited with code 0
2025/05/15 10:54:28 [notice] 1#1: signal 29 (SIGIO) received
2025/05/15 10:54:28 [notice] 1#1: signal 17 (SIGCHLD) received from 19
2025/05/15 10:54:28 [notice] 1#1: signal 17 (SIGCHLD) received from 20
2025/05/15 10:54:28 [notice] 1#1: worker process 20 exited with code 0
2025/05/15 10:54:28 [notice] 1#1: exit
2025/05/15 10:54:36 [notice] 1#1: using the "epoll" event method
2025/05/15 10:54:36 [notice] 1#1: nginx/1.27.5
2025/05/15 10:54:36 [notice] 1#1: built by gcc 14.2.0 (Alpine 14.2.0) 
2025/05/15 10:54:36 [notice] 1#1: OS: Linux 5.15.167.4-microsoft-standard-WSL2
2025/05/15 10:54:36 [notice] 1#1: getrlimit(RLIMIT_NOFILE): 1048576:1048576
2025/05/15 10:54:36 [notice] 1#1: start worker processes
2025/05/15 10:54:36 [notice] 1#1: start worker process 19
2025/05/15 10:54:36 [notice] 1#1: start worker process 20
2025/05/15 10:54:36 [notice] 1#1: start worker process 21
2025/05/15 10:56:21 [notice] 1#1: signal 3 (SIGQUIT) received, shutting down
2025/05/15 10:56:21 [notice] 21#21: gracefully shutting down
2025/05/15 10:56:21 [notice] 19#19: gracefully shutting down
2025/05/15 10:56:21 [notice] 19#19: exiting
2025/05/15 10:56:21 [notice] 21#21: exiting
2025/05/15 10:56:21 [notice] 19#19: exit
2025/05/15 10:56:21 [notice] 21#21: exit
2025/05/15 10:56:21 [notice] 20#20: gracefully shutting down
2025/05/15 10:56:21 [notice] 20#20: exiting
2025/05/15 10:56:21 [notice] 20#20: exit
2025/05/15 10:56:21 [notice] 1#1: signal 17 (SIGCHLD) received from 19
2025/05/15 10:56:21 [notice] 1#1: worker process 19 exited with code 0
2025/05/15 10:56:21 [notice] 1#1: signal 29 (SIGIO) received
2025/05/15 10:56:21 [notice] 1#1: signal 17 (SIGCHLD) received from 21
2025/05/15 10:56:21 [notice] 1#1: worker process 21 exited with code 0
2025/05/15 10:56:21 [notice] 1#1: signal 29 (SIGIO) received
2025/05/15 10:56:21 [notice] 1#1: signal 17 (SIGCHLD) received from 20
2025/05/15 10:56:21 [notice] 1#1: worker process 20 exited with code 0
2025/05/15 10:56:21 [notice] 1#1: exit
2025/05/15 10:56:26 [notice] 1#1: using the "epoll" event method
2025/05/15 10:56:26 [notice] 1#1: nginx/1.27.5
2025/05/15 10:56:26 [notice] 1#1: built by gcc 14.2.0 (Alpine 14.2.0) 
2025/05/15 10:56:26 [notice] 1#1: OS: Linux 5.15.167.4-microsoft-standard-WSL2
2025/05/15 10:56:26 [notice] 1#1: getrlimit(RLIMIT_NOFILE): 1048576:1048576
2025/05/15 10:56:26 [notice] 1#1: start worker processes
2025/05/15 10:56:26 [notice] 1#1: start worker process 20
2025/05/15 10:56:26 [notice] 1#1: start worker process 21
2025/05/15 10:56:26 [notice] 1#1: start worker process 22
2025/05/15 11:02:22 [notice] 1#1: signal 3 (SIGQUIT) received, shutting down
2025/05/15 11:02:22 [notice] 20#20: gracefully shutting down
2025/05/15 11:02:22 [notice] 21#21: gracefully shutting down
2025/05/15 11:02:22 [notice] 21#21: exiting
2025/05/15 11:02:22 [notice] 20#20: exiting
2025/05/15 11:02:22 [notice] 21#21: exit
2025/05/15 11:02:22 [notice] 20#20: exit
2025/05/15 11:02:22 [notice] 22#22: gracefully shutting down
2025/05/15 11:02:22 [notice] 22#22: exiting
2025/05/15 11:02:22 [notice] 22#22: exit
2025/05/15 11:02:22 [notice] 1#1: signal 17 (SIGCHLD) received from 20
2025/05/15 11:02:22 [notice] 1#1: worker process 20 exited with code 0
2025/05/15 11:02:22 [notice] 1#1: signal 29 (SIGIO) received
2025/05/15 11:02:22 [notice] 1#1: signal 17 (SIGCHLD) received from 22
2025/05/15 11:02:22 [notice] 1#1: worker process 22 exited with code 0
2025/05/15 11:02:22 [notice] 1#1: signal 29 (SIGIO) received
2025/05/15 11:02:22 [notice] 1#1: signal 17 (SIGCHLD) received from 21
2025/05/15 11:02:22 [notice] 1#1: worker process 21 exited with code 0
2025/05/15 11:02:22 [notice] 1#1: exit
2025/05/15 11:02:39 [notice] 1#1: using the "epoll" event method
2025/05/15 11:02:39 [notice] 1#1: nginx/1.27.5
2025/05/15 11:02:39 [notice] 1#1: built by gcc 14.2.0 (Alpine 14.2.0) 
2025/05/15 11:02:39 [notice] 1#1: OS: Linux 5.15.167.4-microsoft-standard-WSL2
2025/05/15 11:02:39 [notice] 1#1: getrlimit(RLIMIT_NOFILE): 1048576:1048576
2025/05/15 11:02:39 [notice] 1#1: start worker processes
2025/05/15 11:02:39 [notice] 1#1: start worker process 20
2025/05/15 11:02:39 [notice] 1#1: start worker process 21
2025/05/15 11:02:39 [notice] 1#1: start worker process 22
2025/05/15 11:02:48 [notice] 1#1: signal 3 (SIGQUIT) received, shutting down
2025/05/15 11:02:48 [notice] 22#22: gracefully shutting down
2025/05/15 11:02:48 [notice] 22#22: exiting
2025/05/15 11:02:48 [notice] 22#22: exit
2025/05/15 11:02:48 [notice] 20#20: gracefully shutting down
2025/05/15 11:02:48 [notice] 20#20: exiting
2025/05/15 11:02:48 [notice] 20#20: exit
2025/05/15 11:02:48 [notice] 21#21: gracefully shutting down
2025/05/15 11:02:48 [notice] 21#21: exiting
2025/05/15 11:02:48 [notice] 21#21: exit
2025/05/15 11:02:48 [notice] 1#1: signal 17 (SIGCHLD) received from 22
2025/05/15 11:02:48 [notice] 1#1: worker process 22 exited with code 0
2025/05/15 11:02:48 [notice] 1#1: signal 29 (SIGIO) received
2025/05/15 11:02:48 [notice] 1#1: signal 17 (SIGCHLD) received from 20
2025/05/15 11:02:48 [notice] 1#1: worker process 20 exited with code 0
2025/05/15 11:02:48 [notice] 1#1: signal 29 (SIGIO) received
2025/05/15 11:02:48 [notice] 1#1: signal 17 (SIGCHLD) received from 21
2025/05/15 11:02:48 [notice] 1#1: worker process 21 exited with code 0
2025/05/15 11:02:48 [notice] 1#1: exit
2025/05/15 11:03:05 [notice] 1#1: using the "epoll" event method
2025/05/15 11:03:05 [notice] 1#1: nginx/1.27.5
2025/05/15 11:03:05 [notice] 1#1: built by gcc 14.2.0 (Alpine 14.2.0) 
2025/05/15 11:03:05 [notice] 1#1: OS: Linux 5.15.167.4-microsoft-standard-WSL2
2025/05/15 11:03:05 [notice] 1#1: getrlimit(RLIMIT_NOFILE): 1048576:1048576
2025/05/15 11:03:05 [notice] 1#1: start worker processes
2025/05/15 11:03:05 [notice] 1#1: start worker process 21
2025/05/15 11:03:05 [notice] 1#1: start worker process 22
2025/05/15 11:03:05 [notice] 1#1: start worker process 23
2025/05/15 11:03:10 [notice] 1#1: signal 3 (SIGQUIT) received, shutting down
2025/05/15 11:03:10 [notice] 21#21: gracefully shutting down
2025/05/15 11:03:10 [notice] 21#21: exiting
2025/05/15 11:03:10 [notice] 21#21: exit
2025/05/15 11:03:10 [notice] 22#22: gracefully shutting down
2025/05/15 11:03:10 [notice] 22#22: exiting
2025/05/15 11:03:10 [notice] 22#22: exit
2025/05/15 11:03:10 [notice] 23#23: gracefully shutting down
2025/05/15 11:03:10 [notice] 23#23: exiting
2025/05/15 11:03:10 [notice] 23#23: exit
2025/05/15 11:03:10 [notice] 1#1: signal 17 (SIGCHLD) received from 21
2025/05/15 11:03:10 [notice] 1#1: worker process 21 exited with code 0
2025/05/15 11:03:10 [notice] 1#1: worker process 22 exited with code 0
2025/05/15 11:03:10 [notice] 1#1: signal 29 (SIGIO) received
2025/05/15 11:03:10 [notice] 1#1: signal 17 (SIGCHLD) received from 23
2025/05/15 11:03:10 [notice] 1#1: worker process 23 exited with code 0
2025/05/15 11:03:10 [notice] 1#1: exit
2025/05/15 11:03:26 [notice] 1#1: using the "epoll" event method
2025/05/15 11:03:26 [notice] 1#1: nginx/1.27.5
2025/05/15 11:03:26 [notice] 1#1: built by gcc 14.2.0 (Alpine 14.2.0) 
2025/05/15 11:03:26 [notice] 1#1: OS: Linux 5.15.167.4-microsoft-standard-WSL2
2025/05/15 11:03:26 [notice] 1#1: getrlimit(RLIMIT_NOFILE): 1048576:1048576
2025/05/15 11:03:26 [notice] 1#1: start worker processes
2025/05/15 11:03:26 [notice] 1#1: start worker process 20
2025/05/15 11:03:26 [notice] 1#1: start worker process 21
2025/05/15 11:03:26 [notice] 1#1: start worker process 22
2025/05/15 11:04:04 [notice] 1#1: signal 3 (SIGQUIT) received, shutting down
2025/05/15 11:04:04 [notice] 20#20: gracefully shutting down
2025/05/15 11:04:04 [notice] 20#20: exiting
2025/05/15 11:04:04 [notice] 20#20: exit
2025/05/15 11:04:04 [notice] 22#22: gracefully shutting down
2025/05/15 11:04:04 [notice] 22#22: exiting
2025/05/15 11:04:04 [notice] 22#22: exit
2025/05/15 11:04:04 [notice] 21#21: gracefully shutting down
2025/05/15 11:04:04 [notice] 21#21: exiting
2025/05/15 11:04:04 [notice] 21#21: exit
2025/05/15 11:04:04 [notice] 1#1: signal 17 (SIGCHLD) received from 22
2025/05/15 11:04:04 [notice] 1#1: worker process 20 exited with code 0
2025/05/15 11:04:04 [notice] 1#1: worker process 22 exited with code 0
2025/05/15 11:04:04 [notice] 1#1: worker process 21 exited with code 0
2025/05/15 11:04:04 [notice] 1#1: exit
2025/05/15 11:04:16 [notice] 1#1: using the "epoll" event method
2025/05/15 11:04:16 [notice] 1#1: nginx/1.27.5
2025/05/15 11:04:16 [notice] 1#1: built by gcc 14.2.0 (Alpine 14.2.0) 
2025/05/15 11:04:16 [notice] 1#1: OS: Linux 5.15.167.4-microsoft-standard-WSL2
2025/05/15 11:04:16 [notice] 1#1: getrlimit(RLIMIT_NOFILE): 1048576:1048576
2025/05/15 11:04:16 [notice] 1#1: start worker processes
2025/05/15 11:04:16 [notice] 1#1: start worker process 20
2025/05/15 11:04:16 [notice] 1#1: start worker process 21
2025/05/15 11:04:16 [notice] 1#1: start worker process 22
2025/05/15 11:19:32 [notice] 1#1: signal 3 (SIGQUIT) received, shutting down
2025/05/15 11:19:32 [notice] 22#22: gracefully shutting down
2025/05/15 11:19:32 [notice] 20#20: gracefully shutting down
2025/05/15 11:19:32 [notice] 22#22: exiting
2025/05/15 11:19:32 [notice] 20#20: exiting
2025/05/15 11:19:32 [notice] 22#22: exit
2025/05/15 11:19:32 [notice] 20#20: exit
2025/05/15 11:19:32 [notice] 21#21: gracefully shutting down
2025/05/15 11:19:32 [notice] 21#21: exiting
2025/05/15 11:19:32 [notice] 21#21: exit
2025/05/15 11:19:32 [notice] 1#1: signal 17 (SIGCHLD) received from 20
2025/05/15 11:19:32 [notice] 1#1: worker process 20 exited with code 0
2025/05/15 11:19:32 [notice] 1#1: signal 29 (SIGIO) received
2025/05/15 11:19:32 [notice] 1#1: signal 17 (SIGCHLD) received from 21
2025/05/15 11:19:32 [notice] 1#1: worker process 21 exited with code 0
2025/05/15 11:19:32 [notice] 1#1: signal 29 (SIGIO) received
2025/05/15 11:19:32 [notice] 1#1: signal 17 (SIGCHLD) received from 22
2025/05/15 11:19:32 [notice] 1#1: worker process 22 exited with code 0
2025/05/15 11:19:32 [notice] 1#1: exit
2025/05/15 11:19:38 [notice] 1#1: using the "epoll" event method
2025/05/15 11:19:38 [notice] 1#1: nginx/1.27.5
2025/05/15 11:19:38 [notice] 1#1: built by gcc 14.2.0 (Alpine 14.2.0) 
2025/05/15 11:19:38 [notice] 1#1: OS: Linux 5.15.167.4-microsoft-standard-WSL2
2025/05/15 11:19:38 [notice] 1#1: getrlimit(RLIMIT_NOFILE): 1048576:1048576
2025/05/15 11:19:38 [notice] 1#1: start worker processes
2025/05/15 11:19:38 [notice] 1#1: start worker process 20
2025/05/15 11:19:38 [notice] 1#1: start worker process 21
2025/05/15 11:19:38 [notice] 1#1: start worker process 22
